Time (s),X-Axis (m/s2),Y- Axis (m/s2),Z-Axis (m/s2)
0.0,0.6981047374046502,-0.44603253331478143,-0.5731241115009917,
0.0050354,0.45505361414247014,-0.4123680188393255,-0.3071931368570434,
0.010040283,-0.13012214774852393,-0.33564392679021005,-0.19594982198563482,
0.015045166,-0.32244488616756917,-0.20339062971341804,0.26078164631774214,
0.020080566,-0.7368011237778054,0.013495992323015571,0.6434153561166938,
0.025085449,-0.7867187310534943,0.27321134463966246,0.671787948955855,
0.030090332,-0.5087084809365455,0.4043600913367307,0.43208367947718407,
0.035125732,-0.49507713631173644,0.5552385613506345,0.21926313498799727,
0.040130615,0.13832549798186083,0.493995536580508,0.006855820490397804,
0.045135498,0.3692419413542387,0.25919789410815675,-0.28756954282643177,
0.050170898,0.745503416364641,0.0847753074740254,-0.5652362983236454,
0.055175781,0.8741249010604628,-0.22522174620827862,-0.4234658941276664,
0.060180664,0.6495074403796203,-0.3583146039978722,-0.3828278910833831,
0.065216064,0.4717177687099463,-0.48776252304204704,-0.31583262536670653,
0.070220947,-0.1321106483132929,-0.3480713465586369,-0.1492359245121152,
0.07522583,-0.5826172295881343,-0.14437504599690953,0.03575042054655786,
0.080230713,-0.8338428071080075,0.03772261945247202,0.36187670362474633,
0.085266113,-1.170809597248906,0.2695945994682276,0.6936395464935471,
0.090270996,-0.9481467012366249,0.4436053670745821,0.6238691567260877,
0.095275879,-0.56314382583305,0.3893691569409157,0.26349962225587015,
0.100311279,-0.37965324426019,0.4800378060214818,-0.09565782172655388,
0.105316162,0.45092828349809805,0.12162790106718546,-0.2929569214437431,
0.110321045,0.40671430648597845,0.09538581694749837,-0.5082669043424946,
0.115325928,0.9746756444075328,-0.2493016980045013,-0.4066135234739957,
0.120361328,0.8582805545885264,-0.3584135263723507,-0.1988748031541966,
0.125366211,0.6214999319520711,-0.43421617266038126,-0.04992015502335728,
0.130371094,0.3995070744679069,-0.437387586565805,0.04050821191881421,
0.135406494,-0.35460088339442447,-0.204341221596394,0.06879572969130138,
0.140411377,-0.5096938903092896,-0.014083328839614495,0.2101757439092911,
0.14541626,-0.7716711278724318,0.15920452833455911,0.507166474033683,
0.15045166,-0.8835722538604455,0.3572098140738973,0.4593586675081963,
0.155456543,-0.3640111234008564,0.2857678512591182,0.2506534379128071,
0.160461426,-0.3084452268456851,0.3646006091322942,0.12391142220524566,
0.165466308,0.22633952164845195,0.247625311524585,-0.11348072551705349,
0.170501709,0.5296678087250115,-0.037483246874082,-0.2784920999448928,
0.175506592,0.6037757508862592,-0.0778747810930156,-0.5311677033934143,
0.180511474,0.9446294874277574,-0.38791017643691283,-0.23531013927723143,
0.185546875,0.590981910254706,-0.37161964505578027,-0.13078961532803512,
0.190551758,0.47661853601626486,-0.45244708323212457,-0.14485386023117808,
0.19555664,0.06717129365676189,-0.3102364751794493,0.008616423533807538,
0.200592041,-0.5381086681995906,-0.045161836393559085,0.15246198648329606,
0.205596924,-0.5875425986221724,0.07113371447890238,0.38628843684288683,
0.210601806,-0.923976949991488,0.27717064345812226,0.49098875728680946,
0.215606689,-0.6778900560869404,0.4228473546102478,0.2951103417669476,
0.22064209,-0.30289554096330235,0.3191250516569486,0.12690858591355808,
0.225646972,-0.23656692105189192,0.4372580491380589,-0.16662498673790355,
0.230651855,0.5079388459709865,0.04909843149794746,-0.23481366126532285,
0.235687256,0.46955908458928924,0.018209409260858678,-0.4464202649497583,
0.240692139,0.8314944356401814,-0.22102817571631306,-0.38969236430355664,
0.245697021,0.8337502360121452,-0.42007205229180045,-0.06467137191159533,
0.250732422,0.4409870052159662,-0.3571269777709407,-0.06706912877927629,
0.255737305,0.40067778776652296,-0.40636808612300257,-0.07472463896092107,
0.260742187,-0.33642798463053164,-0.14313646108590206,-0.03104435960623686,
0.26574707,-0.5794329150481754,0.02340587019377871,0.20692720762751055,
0.270782471,-0.7987269961010404,0.12215487193627261,0.5964987973520085,
0.275787353,-1.0335494679745822,0.3811955772365181,0.49635186991285685,
0.280792236,-0.48590939859841586,0.2915409344454645,0.21894428889903547,
0.285827637,-0.3963813274724827,0.3385794272438716,0.03533609518172839,
0.290832519,0.027658121615763864,0.27469654960759726,-0.1919947957296173,
0.295837402,0.5258618488551111,-0.04647811187642148,-0.29533167642744385,
0.300872803,0.4570786392403389,0.04517835034261353,-0.5369733489544551,
0.305877685,0.9307019738922712,-0.3086205033196592,-0.23805035885106413,
0.310882568,0.602825739270067,-0.28520206671822734,-0.11764975973710134,
0.315887451,0.4247898882910536,-0.35841067681208294,-0.12093865544593108,
0.320922851,0.19235876610159286,-0.2962988539496667,0.05456743501825512,
0.325927734,-0.5701242175874758,0.01194773324651699,0.12600258082710414,
0.330932617,-0.5288776943824807,0.07851570612846359,0.34598028731793334,
0.335968017,-0.8827945383184845,0.29649176412152123,0.4663960462605967,
0.3409729,-0.7330544783110376,0.403831594890967,0.24670082138347738,
0.345977783,-0.20145823108633015,0.3000794360690229,0.05945782507553189,
0.351013183,-0.26458455361906413,0.4181885488552197,-0.09225307587707449,
0.356018066,0.5353172203859987,0.07406499924042542,-0.21937130835790958,
0.361022949,0.501032096621299,-0.019275832638909307,-0.4666347419988277,
0.366027832,0.7590043882345392,-0.20696119345487674,-0.5437667779740623,
0.371063232,0.8715223582438815,-0.4318043063264003,-0.20900023878549978,
0.376068115,0.3639415194076052,-0.3703457888111199,-0.08675585509089984,
0.381072998,0.33520839130733415,-0.4284299513613963,0.009123147958530087,
0.386108398,-0.3236789900791327,-0.18568829702661738,0.11456170196057408,
0.391113281,-0.6592483678445562,0.027657858472457164,0.24295551391220926,
0.396118164,-0.707452405213145,0.13513898209046715,0.5333902900360175,
0.401153564,-0.9796704202642661,0.427972025516123,0.474588208591314,
0.406158447,-0.4102500080864129,0.3557809407253991,0.2168653910918012,
0.41116333,-0.2458391666253803,0.35358227211157,0.10646350427969095,
0.416168213,0.12703472138719574,0.3039351536267567,-0.14084238016999726,
0.421203613,0.7202801208597567,-0.0977820528798432,-0.2659087674172478,
0.426208496,0.6049594482503053,-0.05141900167887492,-0.5766430295587983,
0.431213379,0.9742995898502443,-0.4069677208743503,-0.30617526349078866,
0.436248779,0.6166344960989455,-0.4462406806057295,-0.13001101157388095,
0.441253662,0.28644724531665644,-0.41445104057833326,-0.07336916082160477,
0.446258545,0.10082527672207514,-0.3258113207439166,0.06963719087396619,
0.451293945,-0.63568499346609,0.041975455123616,0.191696080824173,
0.456298828,-0.5832428189916219,0.10062137972389351,0.4502440716905884,
0.461303711,-0.8458300950370476,0.26628811940411445,0.5747094175087207,
0.466308594,-0.7877602674358881,0.4505304955232923,0.3007953660382266,
0.471343994,-0.1839313584799605,0.2991328925123842,0.0433584607993313,
0.476348877,-0.32910309459646847,0.425097329634907,-0.19132641495428498,
0.48135376,0.5105212352603252,0.010634504332925232,-0.373337010869678,
0.48638916,0.5463198202395102,-0.11982491606491052,-0.5323366008832424,
0.491394043,0.6611647429103582,-0.22227594847692878,-0.47184096039409396,
0.496398926,0.8698619701095366,-0.4632089423752941,-0.03654259253402514,
0.501434326,0.20172453702512927,-0.26905348202523527,-4.987224647201027E-4,
0.506439209,0.24948998118260346,-0.33974229733893857,0.04173969390322391,
0.511444092,-0.29648955802266724,-0.13196229490240086,0.11958560277882913,
0.516448974,-0.7485930136056338,0.08595848439057896,0.2891133064418133,
0.521484375,-0.5931248991657571,0.09941864298121317,0.5913858599972006,
0.526489258,-0.9590946458951057,0.4108947776662202,0.4233040004977605,
0.53149414,-0.41101350968483463,0.32679931822672614,0.12794984102320844,
0.536529541,-0.1966574874353677,0.30357812645638127,0.07555323219356674,
0.541534424,-0.02132745479204412,0.3558629894463543,-0.1713201095576466,
0.546539306,0.7682285635101147,-0.0907246475054162,-0.3209305993648673,
0.551574707,0.4900955461205918,0.01936364137066704,-0.5900208466793939,
0.55657959,0.9053821009589735,-0.3465085986222167,-0.3475171656247651,
0.561584472,0.6113051924859288,-0.386386566397773,-0.06540386921856206,
0.566589355,0.15193477898874308,-0.32442907733696913,0.028121240562650363,
0.571624756,0.1502831747534945,-0.33998759780707566,0.13167667995012028,
0.576629639,-0.6267583234784544,0.013398105348089828,0.17428665646009622,
0.581634521,-0.5646146665952636,0.04710764443472115,0.33288635641807696,
0.586669922,-0.6930369481199609,0.2158111155477762,0.4521001007594616,
0.591674805,-0.8072493827147187,0.4350512361882206,0.1701395532638193,
0.596679687,-0.08460565851552504,0.2484438209818265,0.011612130892305422,
0.601715088,-0.25729634321867,0.44010027162921084,-0.12094711169240567,
0.606719971,0.5660501324563141,0.09158217042836903,-0.24999255263517456,
0.611724853,0.7248249692463012,-0.09719324803230478,-0.42984023351438966,
0.616729736,0.7752213035220411,-0.18310127811334453,-0.5507325383740118,
0.621765137,0.9687732342238828,-0.4472012373344256,-0.23372567913670939,
0.626770019,0.3440615561291063,-0.2792209508050405,-0.04332819955936751,
0.631774902,0.16798606130953508,-0.30573760048778276,0.116655799727506,
0.636810303,-0.19505451032737198,-0.1392556077339755,0.24080999134450487,
0.641815185,-0.7287364793556477,0.12419121693782031,0.3363003368256039,
0.646820068,-0.4623104725470181,0.07253412589400554,0.47015110930423315,
0.651855469,-0.8984982803813646,0.3798168514964537,0.2822610241621365,
0.656860351,-0.47554911258634164,0.3421591452596626,-0.01169118067029079,
0.661865234,-0.17739973928782332,0.26222829277022974,-0.038088296098732655,
0.666870117,-0.05190514299275867,0.29980948968493415,-0.16645696500398613,
0.671905517,0.7782512762307932,-0.16812359965830126,-0.23659574778443893,
0.6769104,0.5536435014533845,-0.07320737582039172,-0.48041429354005116,
0.681915283,0.8892038636627076,-0.368856428000063,-0.33261024342579093,
0.686950683,0.6194197315551662,-0.41575164630629935,-0.17607354630313277,
0.691955566,0.15077260165038298,-0.3230310045450402,0.004710010613743765,
0.696960449,0.05166056178905637,-0.28906445207353215,0.214461367865995,
0.701995849,-0.617546062287505,0.013914453966174634,0.34204028569904604,
0.707000732,-0.658758529517504,0.1088122272354397,0.4613275410592369,
0.712005615,-0.6802416868952532,0.22878562163210248,0.5222968961286395,
0.717041015,-0.8564003807662026,0.44351433714943234,0.13244933330916164,
0.722045898,-0.10859442570671213,0.20733832518829587,-0.1047338927276707,
0.727050781,-0.2535137241591197,0.374635308588136,-0.16231494621338657,
0.732086181,0.40628325895395423,0.1349865671830095,-0.2754208046269593,
0.737091064,0.6180685993506634,-0.06821924234734311,-0.34866916323281744,
0.742095947,0.6266204068242808,-0.1484230501278745,-0.4187546665237539,
0.74710083,0.7905175168656746,-0.37348697525854924,-0.13771369415650314,
0.75213623,0.3412763181800398,-0.36583059583183974,-0.09101812329395248,
0.757141113,0.05275738266903185,-0.2888314688529725,-0.005785690041411995,
0.762145996,-0.19913930870852453,-0.255967518832378,0.2041483034356204,
0.767181396,-0.8335179899355697,0.12658584821534724,0.30313797868599635,
0.772186279,-0.6380790403859558,0.10510168638477779,0.5336480782612971,
0.777191162,-0.9031145994962647,0.41544121238907294,0.3598774469840377,
0.782196045,-0.5367006639720118,0.4453534581925087,0.052318461493480156,
0.787231445,-0.0635280116463594,0.31606059858525626,-0.019436734711465883,
0.792236328,-0.012516745254587569,0.3256390062119543,-0.2894507549566727,
0.797241211,0.79827517801508,-0.13980617784293692,-0.3368950766215882,
0.802276611,0.575412134599564,-0.11184494227434882,-0.5146942839535206,
0.807281494,0.8165919147109013,-0.3308089616319787,-0.34854741935031647,
0.812286377,0.6398580044249711,-0.42553584118058296,-0.1141162557927532,
0.81729126,0.31269206760247686,-0.3844838487257167,0.08492769849079745,
0.82232666,0.02988998220698147,-0.27311442273057374,0.23458034238638797,
0.827331543,-0.41087805329691485,-0.0997293311532097,0.3236506020341104,
0.832336426,-0.8037146496687819,0.16729905460868189,0.3815034894397883,
0.837371826,-0.5720976962975256,0.15490857962444693,0.4852442954580807,
0.842376709,-0.8081908523505205,0.42463487151205825,0.17368127621021456,
0.847381592,-0.06237299438041638,0.2707503776783966,0.027848829561921647,
0.852416992,-0.1322592353480831,0.360252645892718,-0.10030394416296269,
0.857421875,0.36920481875278355,0.1886049487454251,-0.3311586826741202,
0.862426758,0.39112801515847684,0.053203294933840795,-0.43156512973304617,
0.867462158,0.3416377636892815,-0.014895860146676654,-0.40079409597393695,
0.872467041,0.3690743711076752,-0.21686053577359132,-0.20380178068539956,
0.877471924,0.41592600079239017,-0.458876612212622,0.005513262951680364,
0.882476806,0.34807283188391214,-0.4283927936763483,0.1978676416113443,
0.887512207,0.2727087537883797,-0.45955993806607864,0.24448796094532543,
0.89251709,-0.1285126844692962,-0.2527187512341129,0.35072952891251036,
0.897521972,-0.608462003044187,0.1598245107314593,0.2652637989112583,
0.902557373,-0.7338521219665997,0.35195628827266745,0.04940586334775662,
0.907562256,-0.48173501788577977,0.4826758704618843,-0.2803483561967947,
0.912567139,-0.1076658463398738,0.41295954402575674,-0.08828014980118576,
0.917602539,-0.08229966925939905,0.40506245943935504,-0.0629703112471986,
0.922607422,0.3746876083424808,0.15741178395773403,-0.1499734169665089,
0.927612305,0.3035830944864847,-0.034959244708812065,-0.31725656560445714,
0.932617187,0.46121364355793776,-0.16395372389204965,-0.2346524204523157,
0.937652588,0.4973034343776002,-0.44911952208238937,0.0076393917631474295,
0.942657471,0.4802035873458302,-0.5106017700096626,0.08655584934801797,
0.947662353,0.34010769409541414,-0.45636959960148005,0.14203520682216436,
0.952697754,0.10162717090133128,-0.35742966405618404,0.2668508217077315,
0.957702637,-0.661862325778935,0.12394396406755348,0.2824381768974352,
0.962707519,-0.6176002121856481,0.23322499547279207,0.35428306104919816,
0.96774292,-0.8330938416235185,0.5179398596594833,0.08421990587060854,
0.972747803,-0.12251755376756479,0.40286507132133664,-0.08201372374101318,
0.977752685,-0.17654187504530183,0.44104205705706967,-0.11158265868031056,
0.982757568,0.3969867148075085,0.20534829408315503,-0.30569679100674846,
0.987792969,0.7083242351272568,-0.1230260522334774,-0.3403337999928988,
0.992797851,0.6394377084143055,-0.18653119334928192,-0.36228168843181907,
0.997802734,0.7931053425126945,-0.4077942906169252,-0.1385191984017053,
1.002838135,0.44103944979140564,-0.4488184403060398,-0.026538014971364265,
1.007843017,-0.10302781516687554,-0.2230684241198322,0.07453374817915859,
1.0128479,-0.2279910997897504,-0.24931655570211575,0.2530840297933269,
1.017883301,-0.9312942470193004,0.11465808356330776,0.29249407930341154,
1.022888183,-0.7067297335529403,0.12621133013189656,0.48681508766147924,
1.027893066,-0.8297026344986023,0.3097459195742669,0.3473133982541834,
1.032897949,-0.6331224591613819,0.40676890362816387,0.023114390478346722,
1.037933349,0.05662459126464453,0.21048592368378038,0.0031716881639273775,
1.042938232,-0.037061166832034365,0.336943426447025,-0.1966691924376081,
1.047943115,0.8399189376281225,-0.07904145024862963,-0.3641957055125865,
1.052978515,0.666197845414998,-0.12260816019890441,-0.4407462128475692,
1.057983398,0.7723747802382486,-0.2283355515966239,-0.22044364996555543,
1.062988281,0.6332196484093489,-0.46039060924604946,0.024755919871305654,
1.068023681,0.08520120700872913,-0.3051044795843403,-0.014667920352955444,
1.073028564,-0.10997624142426671,-0.20961092741747223,0.06296048793638565,
1.078033447,-0.5534106806394135,-0.03552321459022778,0.23233860519285854,
1.08303833,-0.8392007124802807,0.18609558848406849,0.39463553259178685,
1.08807373,-0.5468732652967246,0.14887647078725408,0.5034159456046795,
1.093078613,-0.8014146278623797,0.444711528192304,0.17288656507749361,
1.098083496,-0.053106799946153804,0.28874041396009353,-0.11451057215675511,
1.103118896,-0.01567879933192301,0.29802113976182554,-0.2141914655379041,
1.108123779,0.3532894800657116,0.16947159930946043,-0.38204653180532333,
1.113128662,0.8131857832713193,-0.19003307211493237,-0.3477758973192587,
1.118164062,0.5509514586483055,-0.16544198503569518,-0.316526381917907,
1.123168945,0.7682880223873945,-0.38708991615355615,-0.07317960162807563,
1.128173828,0.4211855936911656,-0.4131021087040949,-0.054710673489960504,
1.133178711,-0.009731212547067547,-0.246204343213277,-0.005462874729468381,
1.138214111,-0.15143731378765402,-0.22186581832062124,0.1239622197476753,
1.143218994,-0.8049389135301233,0.10214601721850336,0.3251829593918903,
1.148223877,-0.6611874589490987,0.15259083721230304,0.5187157034510123,
1.153259277,-0.716657486690529,0.29828116586359243,0.3632635783858098,
1.15826416,-0.5675764776336731,0.4244159483158736,0.009043479896147871,
1.163269043,0.12054819289306146,0.23610258287144958,-0.0387246887393317,
1.168304443,0.01599421837694917,0.31529808192216,-0.17463209474146535,
1.173309326,0.7693627575140594,-0.021662901649772692,-0.3312462031369223,
1.178314209,0.6671991903862475,-0.14948364163231886,-0.4622747945407879,
1.183319092,0.754023024183998,-0.2747382804933558,-0.2855424918826303,
1.188354492,0.6530231068471984,-0.461123632207185,0.012899014306395729,
1.193359375,0.10869778235275884,-0.3497460737344973,0.021806027851366594,
1.198364258,-0.1199021256802929,-0.21083933945634747,0.0365976543123433,
1.203399658,-0.5345325403879844,-0.09206014344007762,0.19974931485612463,
1.208404541,-0.8796523994978875,0.1696013969666872,0.32643763547864973,
1.213409424,-0.6098742633483101,0.13759762147959975,0.5235524521329198,
1.218444824,-0.8001064419286481,0.3935497768711791,0.3268986023313359,
1.223449707,-0.19187958713666847,0.33974216524694256,0.0661575537400687,
1.22845459,0.01695531466566519,0.29669607594755476,-0.09264280466419506,
1.233459472,0.3047019470450322,0.2526766849767945,-0.39589158748135606,
1.238494873,0.8719964209172758,-0.1292185152998151,-0.4297259652975849,
1.243499756,0.6229023125150707,-0.10719561302110137,-0.433795420675568,
1.248504639,0.7798770257933065,-0.35008754510438145,-0.16699483263420434,
1.253540039,0.43237330032214527,-0.42180587592725516,-0.04166471376361347,
1.258544922,-0.07165507067978377,-0.22443200542930342,0.052862076645359246,
1.263549805,-0.16458724013757703,-0.22935029184344202,0.22042686834753744,
1.268585205,-0.8077928389850617,0.0999914462127478,0.27977167045928,
1.273590088,-0.6826234313442994,0.1048955007201986,0.401942336367424,
1.278594971,-0.6495289208566896,0.2563040958886589,0.3234703730001892,
1.283599853,-0.6096377851228516,0.40232110874217675,0.025097099181401378,
1.288635254,0.13477512346421866,0.23184223855624175,-0.0392973206548789,
1.293640137,0.006306426896374923,0.3099610955324934,-0.13486803230515312,
1.298645019,0.7405431883921,0.016218388144745077,-0.2802699141253725,
1.30368042,0.72460007805743,-0.17089980120295323,-0.371701282862798,
1.308685303,0.625639535102194,-0.22291368861861294,-0.29927753019648845,
1.313690185,0.6594960030817553,-0.52884364620739,-0.02872866478219077,
1.318725586,-0.037442260034595776,-0.346463588840912,0.013406228330497372,
1.323730469,-0.1506203119339266,-0.2561015351352296,0.11797595922689791,
1.328735351,-0.4844122651721413,-0.11102136482693403,0.2571981501940183,
1.333770752,-0.8529594996377131,0.22147343548220277,0.3819670162489647,
1.338775635,-0.4850897676789205,0.18099954916701222,0.5009349411241718,
1.343780517,-0.6964458375806364,0.4723264948023598,0.14601162477433743,
1.348815918,-0.14918547865825915,0.3912767231856389,-0.11878640330553006,
1.353820801,0.15455298426089267,0.3225916910485118,-0.12758527498817407,
1.358825683,0.23855937959621415,0.26190636065130946,-0.35490025124053926,
1.363830566,0.9838040466457214,-0.15822393491645137,-0.4505583845861814,
1.368865967,0.672126245129077,-0.18978715574566074,-0.3987523717314452,
1.373870849,0.7962703320407617,-0.3395372441277793,-0.1849198661351561,
1.378875732,0.4742110898513594,-0.46507461952097273,-0.06749155697062492,
1.383911133,-0.15883913593141252,-0.20542151202302783,-3.677572952499597E-4,
1.388916015,-0.21709816421388006,-0.28118291274342155,0.24295530588255004,
1.393920898,-0.8459685704336041,0.05278804480526311,0.2997109243935401,
1.398925781,-0.8070238797843833,0.09585592412546085,0.3642682512335821,
1.403961181,-0.6053969358587566,0.19543473930036903,0.35653911270561567,
1.408966064,-0.7160680369682554,0.4187623422215445,0.09369076282074254,
1.413970947,0.1224214493316457,0.20667735424598632,0.03089743447534403,
1.419006347,0.030896143840316553,0.2936744029280387,-0.12083869304472478,
1.42401123,0.6280494346035033,0.05106501062368096,-0.30544780990452985,
1.429016113,0.8318829070578027,-0.15643803056355488,-0.3363016072986239,
1.434020996,0.5563388451774922,-0.12706692835709354,-0.2422224381826491,
1.439056396,0.7687649237982438,-0.47897287862317484,0.028402225235130696,
1.444061279,0.055722388257345046,-0.3046504708672888,-0.013667379968145432,
1.449066162,-0.12206027298787397,-0.19583219310008104,-0.026253728193266324,
1.454101562,-0.3351482183902992,-0.12219309823006519,0.178191353382887,
1.459106445,-0.8542147661184893,0.19146671282219785,0.3340814030188096,
1.464111328,-0.47269066055104153,0.07464553822650899,0.46838816929004773,
1.469146728,-0.6731110245345833,0.36425744620620826,0.2961704963695382,
1.474151611,-0.3354614758776666,0.3795041014962166,0.016672725220630562,
1.479156494,0.2085473232041167,0.257643808540724,-0.14563398779224557,
1.484191894,0.04808785856329337,0.29421319136382884,-0.39422935820254645,
1.489196777,0.8869810290381348,-0.140032278940188,-0.4034938381245372,
1.49420166,0.5180442958867578,-0.16758002237090075,-0.3189620626871298,
1.499206543,0.6327948117094062,-0.30452300227172024,-0.10578000171220386,
1.504241943,0.48516651343002504,-0.48304711275487655,0.04562502206773689,
1.509246826,-0.19414217988097998,-0.13935517067265124,-0.05926414250206047,
1.514251709,-0.113175072029784,-0.253219976381871,0.09049151802960165,
1.519287109,-0.7417607607488272,0.0885617142070032,0.24668520661118132,
1.524291992,-0.8213382960990618,0.23365454714685185,0.3505830285701951,
1.529296875,-0.4980984689104995,0.22522930177998113,0.3245215986374061,
1.534332275,-0.7164231110658996,0.44450228908023526,0.09872860703492488,
1.539337158,0.16044305411603027,0.17556032735793892,0.02917819812793991,
1.544342041,0.07854975579282422,0.18641994157385078,-0.14521212899764807,
1.549346924,0.5436015233842594,-2.659022096693775E-4,-0.44369655866686847,
1.554382324,0.9079769218324076,-0.2932669209864862,-0.4162487508397448,
1.559387207,0.49845184996592606,-0.15799000163293897,-0.27170749676554584,
1.56439209,0.8431218315352409,-0.4903202239626001,0.0814377135250633,
1.56942749,0.11520791444694273,-0.30606233151383044,0.07663698722630063,
1.574432373,-0.07637614891119582,-0.15865601755481507,0.07662941399979051,
1.579437256,-0.3388352941289567,-0.1116049898251017,0.2107053866685824,
1.584472656,-0.9376087626469154,0.2650617112649183,0.3045628444911159,
1.589477539,-0.6313370101175324,0.20438335338693392,0.47540076387414276,
1.594482422,-0.6908606237190259,0.3952693780220464,0.26540361891181424,
1.599487305,-0.4205229716314708,0.4024093500738868,0.022698871691951374,
1.604522705,0.25159431800732335,0.17060912068410872,-0.0565357268651889,
1.609527588,0.05187359893710869,0.2533207926410377,-0.34594879633590114,
1.614532471,0.878510597899687,-0.1727461979184195,-0.466370853474971,
1.619567871,0.5629891423822496,-0.2148082864597356,-0.4075815460612268,
1.624572754,0.6112799857807998,-0.2771933088552885,-0.14984453372398143,
1.629577637,0.5771343401871398,-0.5128923423967304,0.07740220505206485,
1.634613037,-0.17610991066278814,-0.165147858292384,-0.007035755489598117,
1.63961792,-0.08342943243648049,-0.27960363819640754,0.09780157138957152,
1.644622803,-0.6662430576679343,0.042552441005373254,0.24104643289290723,
1.649627685,-0.8394519656655975,0.2370692965542993,0.3824611697518258,
1.654663086,-0.5049355959699781,0.2509469411496905,0.3940792873639607,
1.659667969,-0.7295588283384825,0.5091315763572517,0.11606909395366855,
1.664672851,0.07715615998546399,0.3057915892108021,-0.008658396712065156,
1.669708252,0.1632385998633712,0.24654977527489308,-0.06821822127590213,
1.674713135,0.40065923926569696,0.1512681405324141,-0.40892028014572174,
1.679718017,0.9372754382875577,-0.27737415944906907,-0.4612182553665774,
1.684753418,0.3916416396925461,-0.17402335099675525,-0.351726069137012,
1.689758301,0.736616534410287,-0.5203710245474049,-0.028561031090859557,
1.694763183,0.14300416502822955,-0.38564496416917393,0.030788870439812377,
1.699768066,-0.17672215625866639,-0.16678013149158843,0.0016452565080998793,
1.704803467,-0.27162674844443313,-0.1698254723807704,0.22157987708147991,
1.709808349,-0.8934244456305466,0.26829001272038333,0.41668040557143393,
1.714813232,-0.6113093807231873,0.18589665861380666,0.5057320197696472,
1.719848633,-0.5656588327035499,0.33067533470354604,0.26093327206571776,
1.724853515,-0.49466573803783986,0.4081926115128365,-0.0747250620349258,
1.729858398,0.3340159447259781,0.13310926499151954,-0.11723854572169065,
1.734893799,0.06226890812453251,0.22332090808696492,-0.29491388345235253,
1.739898681,0.8868268452496261,-0.15653614462417842,-0.42745942707438206,
1.744903564,0.7266978043247009,-0.27845157194934167,-0.3036618775970057,
1.749908447,0.5526350989285107,-0.261066921621973,-0.1337498145776046,
1.754943847,0.6757750713303087,-0.5440464083913295,0.007917140525416366,
1.75994873,-0.17954595856075312,-0.13069611108806356,-0.060707303204666885,
1.764953613,-0.10533110278610253,-0.16009888105795156,0.08933698946751645,
1.769989014,-0.524804433010132,0.03664257484113875,0.34537095876151314,
1.774993896,-0.8469675698456056,0.2534107395604117,0.46400428654046055,
1.779998779,-0.3941023761889845,0.14335359164832973,0.38843975735736846,
1.78503418,-0.7079332681386876,0.4058205686311638,0.09048813401089476,
1.790039062,-0.08366839185470015,0.2806012791236814,-0.1019136920100342,
1.795043945,0.1858851107349899,0.1574400076739444,-0.12749042626427737,
1.800079346,0.2712910964004919,0.17000718192040587,-0.3931300363239219,
1.805084228,1.0100016271203935,-0.31602062165117495,-0.37579553296538754,
1.810089111,0.4459895829463149,-0.1551358332584396,-0.26808027402856005,
1.815124512,0.718803385107052,-0.409496850200501,-0.07081187547284806,
1.820129394,0.22644651667939159,-0.3716526559416504,0.04869717930922157,
1.825134277,-0.30725831400023673,-0.05789341381582069,0.03704123954112726,
1.83013916,-0.2266538191689394,-0.19571658652140655,0.26904949553915186,
1.83517456,-0.8785154381476515,0.23607809797037405,0.4220999479938215,
1.840179443,-0.6836595184868712,0.13905779087629888,0.4736784935513072,
1.845184326,-0.493302126508247,0.2568150803572884,0.23912345890354578,
1.850219726,-0.6455572285503477,0.45253458381708,-0.08643560787716338,
1.855224609,0.2995088070034718,0.1206946592411633,-0.13043999020798072,
1.860229492,0.03274669404027747,0.23062555161168063,-0.24033832029138458,
1.865234375,0.8344737224197221,-0.09513823058565407,-0.3818946796706077,
1.870269775,0.8361336654357776,-0.2848874399372736,-0.34573791170523616,
1.875274658,0.5827130846923722,-0.1876877839810689,-0.301492673114189,
1.880279541,0.7860435146288978,-0.5006629224973551,-0.04965361114760114,
1.885314941,-0.10475893829688182,-0.1438652989353848,0.002415782956919077,
1.890319824,-0.12785011938750546,-0.11127143836705677,0.11876612245928525,
1.895324707,-0.4681248220725044,-0.035379455381145064,0.3076227612486782,
1.90032959,-0.9414432170330036,0.28964077163258395,0.4089033847801926,
1.90536499,-0.45818387050140286,0.11679562511856645,0.39415151641790414,
1.910369873,-0.7400456315573724,0.39989401962610316,0.06825090063432329,
1.915374756,-0.2051346497771479,0.27394353601338217,-0.13885631074254137,
1.920410156,0.2419469676782817,0.0735859811544568,-0.06894637671903309,
1.925415039,0.13418257414262535,0.18145179273606615,-0.3079891326252265,
1.930419922,0.9941624655641004,-0.2800460853423967,-0.2731979467251812,
1.935455322,0.4486502849512803,-0.08421753233641738,-0.17451538863014499,
1.940460205,0.7285857553047743,-0.3470126977441339,-0.10129443981036601,
1.945465088,0.3453563972125694,-0.3848733417890582,-0.0618827198170428,
1.950500488,-0.2504360736361945,-0.05698314608749655,-0.03226984772863423,
1.955505371,-0.21566868312770565,-0.17775204421374724,0.21551712962959263,
1.960510254,-0.8007820168146645,0.21789357947275256,0.3390518872974241,
1.965515137,-0.7746954376704817,0.2413436721719524,0.3478528379629393,
1.970550537,-0.41289599857388537,0.22755980101881157,0.23614359849535146,
1.97555542,-0.6827459980778583,0.49042186425254997,0.0069568709837811715,
1.980560303,0.2888984163814634,0.13950546015204068,-0.01742034305672506,
1.985595703,0.09129939716767072,0.2399368876528829,-0.25718578616413007,
1.990600586,0.6763842442966366,-0.04747920081519297,-0.5466788047125541,
1.995605469,0.8858705790310594,-0.2620800403396544,-0.4507585711137933,
2.000640869,0.4290455843185975,-0.1464560244592228,-0.2437611537660347,
2.005645752,0.764623186204878,-0.5251360109736289,0.029087756674672227,
2.010650635,-0.0452716658798476,-0.2975258009664028,0.07497918971473783,
2.015655517,-0.2220083483288781,-0.2016192735856226,0.1423441916155403,
2.020690918,-0.4266057021006025,-0.14214258683724879,0.32840172047993227,
2.025695801,-0.9905887608992321,0.26935477818645026,0.36040204044644586,
2.030700683,-0.5013333134068857,0.16759563895540985,0.3725989761071567,
2.035736084,-0.6347458499442586,0.41946469475807824,0.14676082151072536,
2.040740967,-0.2913538088616569,0.4217656034627133,-0.05879983888516971,
2.045745849,0.3855692966606745,0.10948279527017135,-0.03555305470188577,
2.05078125,0.11117760529728962,0.26189043543488744,-0.32340093985525864,
2.055786133,0.9891618108003317,-0.27699888212083934,-0.3449145995404569,
2.060791015,0.5001917533277654,-0.20818357835292112,-0.21464017572611555,
2.065795898,0.5916939300059624,-0.38298973377608725,-0.028059796830892436,
2.070831299,0.4695221361922699,-0.5228224510833694,0.07714933050403605,
2.075836181,-0.2679491855774341,-0.10605092961669627,4.2796049697879646E-4,
2.080841064,-0.14348532502444727,-0.21892277494335666,0.12675838402258305,
2.085876465,-0.7353693147070579,0.13898531520156432,0.34273971503056644,
2.090881347,-0.8468647877031463,0.29122975606750146,0.41592761186820315,
2.09588623,-0.4035904629750171,0.2253177892290008,0.24654824183831256,
2.100921631,-0.7251062570987636,0.5135305985706999,-0.08814959012309996,
2.105926514,0.21670454510223908,0.20396412729406066,-0.09542201584847998,
2.110931396,0.14080748373804128,0.18999014949149817,-0.13571261267878398,
2.115936279,0.514867666677933,0.008339775843198893,-0.42651442608052725,
2.12097168,0.9596846606860965,-0.3802300347941916,-0.3852667166456718,
2.125976562,0.3789293691738772,-0.16436469189785363,-0.2450053655040375,
2.130981445,0.7570863664328518,-0.5490454644557836,-0.017879292403229996,
2.136016846,0.03297622205253142,-0.2764189887521269,0.041250765296166,
2.141021728,-0.24559167860797487,-0.11388421443920116,0.10577893254943282,
2.146026611,-0.29990351866762993,-0.10067768405136057,0.33745517728954627,
2.151062012,-0.952447228996604,0.31401351682141154,0.39254714964413706,
2.156066894,-0.5014597363222832,0.19758532517587923,0.39448205565280964,
2.161071777,-0.5544026523390766,0.38408144373445374,0.16043427733474772,
2.16607666,-0.3764811062462613,0.454750506550063,-0.10340306641345183,
2.17111206,0.411327322034241,0.0956485497713011,-0.10954130078701146,
2.176116943,0.1241180099711428,0.22592069528579017,-0.3577014000046092,
2.181121826,0.9975976306331643,-0.2655525062713675,-0.44704979187868743,
2.186157226,0.6391059365377815,-0.24691466126709471,-0.32700018506545,
2.191162109,0.5591729328239752,-0.3143652251074265,-0.14667094883360998,
2.196166992,0.5296991861029301,-0.5311430589921908,0.037802401089362,
2.201202392,-0.3098344011176559,-0.09547108781875302,0.02640891305898957,
2.206207275,-0.17316048964412473,-0.1893773585362517,0.2030973452909417,
2.211212158,-0.7035674542152999,0.1511226248897497,0.4133811965452534,
2.216217041,-0.8693114829034899,0.3162716350680501,0.44945495723620277,
2.221252441,-0.4177148113227919,0.23768527680443974,0.28103613375771225,
2.226257324,-0.7038373764019836,0.5061882605060521,-0.050976757056330216,
2.231262207,0.13795548950341308,0.24022892871734136,-0.12889175720756418,
2.236297607,0.20229554394648047,0.14812796719262344,-0.13758606201605136,
2.24130249,0.4836137789071844,0.06870989328534804,-0.3954570332065911,
2.246307373,1.0113050856257475,-0.3779056205279723,-0.3834066421902729,
2.251342773,0.44896106068809805,-0.17974148860987782,-0.23394699343971825,
2.256347656,0.7364881844879785,-0.5536808862004019,0.03503478806072541,
2.261352539,0.07587267649663282,-0.33186072458532045,-0.016027345332669696,
2.266387939,-0.29555185880269375,-0.12949004451200707,-0.026237403609885745,
2.271392822,-0.290079182354655,-0.13041088326585637,0.22992560445584143,
2.276397705,-0.973310904477474,0.27874014104356526,0.44442632340842314,
2.281433105,-0.5507190360819793,0.20383928080360292,0.48962308997673853,
2.286437988,-0.5688955413655834,0.36418226448663304,0.19824144073139088,
2.291442871,-0.4532121362174668,0.46373350690180715,-0.0980596794461373,
2.296447754,0.3422886894635266,0.14689012583394678,-0.12058641543190986,
2.301483154,0.08420692813332128,0.23051258894840743,-0.3071624917205279,
2.306488037,0.9024607573504071,-0.18907625696627406,-0.42960450509517234,
2.31149292,0.6874959496303257,-0.2719397165105182,-0.31111524470113794,
2.31652832,0.5155241034542606,-0.2826640778959142,-0.12248838716716037,
2.321533203,0.6135301226071586,-0.5670736451292306,0.03992432932877166,
2.326538086,-0.25042346050802317,-0.11654954110338522,0.012786631431767337,
2.331542969,-0.16585390512516857,-0.17368396882020853,0.13089580905166387,
2.336578369,-0.6019580264438849,0.10813534447508388,0.3268968230225811,
2.341583252,-0.908690444592608,0.3144379630800671,0.3955872826368149,
2.346588135,-0.3553703244240864,0.22664802671405404,0.29157968939070195,
2.351623535,-0.7095037790705192,0.5050122690274925,0.00916707182506156,
2.356628418,0.11235303143108469,0.25077495194074473,-0.08652620582120077,
2.361633301,0.21438193686361776,0.17189681702134507,-0.09986061309446062,
2.366638183,0.37836590105339424,0.10304479736707606,-0.38826251391306854,
2.371673584,0.9922190880302155,-0.3332013691375906,-0.40063686659920483,
2.376678467,0.4126107196429224,-0.18994976718507317,-0.28412033312311386,
2.381683349,0.717002638214338,-0.4986395012480589,-0.033839235248491084,
2.38671875,0.17136822385272038,-0.42955124943594747,0.028470603988707155,
2.391723633,-0.30534926857407374,-0.16359949564250797,0.007456658972215757,
2.396728515,-0.255778438296759,-0.21515694026400567,0.2549643506152727,
2.401763916,-0.9535241178249072,0.2549984712262958,0.4165691367422182,
2.406768799,-0.6421527903536758,0.23273412854353737,0.4922396843937746,
2.411773681,-0.5041397127516907,0.3355769512723299,0.2846120600150197,
2.416809082,-0.5144079616076026,0.5136275766428646,-0.038545703550484256,
2.421813965,0.40633251743266796,0.1235973738142917,-0.03466957065288741,
2.426818847,0.05883066238363438,0.2559457701451837,-0.29013800027230996,
2.43182373,0.8496035924069075,-0.17065842294635303,-0.498345751780348,
2.436859131,0.666279553613026,-0.28209558601333207,-0.3852732811117784,
2.441864014,0.4698156350779209,-0.3233571328731646,-0.18946862488942273,
2.446868896,0.6037821955623368,-0.5689762336422817,-0.019409372567788186,
2.451904297,-0.24673498573763064,-0.19469514707007463,0.009374845695769463,
2.45690918,-0.1954714846838545,-0.1500066059373104,0.1741380601503656,
2.461914062,-0.5949880275908337,0.021730555093901316,0.44576796765154253,
2.466949463,-0.977821476760167,0.3678971393876207,0.5807110538087341,
2.471954346,-0.3991883337518836,0.26367806307259656,0.43966649929698726,
2.476959228,-0.6411280107515069,0.5097339543643287,0.02420634396883982,
2.481964111,0.031055110930044483,0.3254263236477133,-0.22196793263742814,
2.486999512,0.3217312957752856,0.145424066730671,-0.20056018595369254,
2.492004394,0.34931618896397854,0.12399306197828608,-0.39221084407545403,
2.497009277,1.0360203339836829,-0.3413328941673708,-0.39229650729161325,
2.502044678,0.4687332593744463,-0.19070547549014627,-0.3234197253645406,
2.50704956,0.7216662949995571,-0.462854907735867,-0.13805706935413253,
2.512054443,0.24215237193714567,-0.3894367582199436,0.004471336704193973,
2.517089844,-0.2659704852627835,-0.13534091048220454,0.0457157412383552,
2.522094726,-0.24724904446022683,-0.17721804088576398,0.22236360861568416,
2.527099609,-0.8854213058806815,0.1914897274476388,0.37900172673629734,
2.532104492,-0.7370601892357952,0.25087244602061176,0.4583405415452879,
2.537139892,-0.4958004951386362,0.2888083083789894,0.2613379605799803,
2.542144775,-0.609250259392159,0.4915324865469408,-0.02652533466101574,
2.547149658,0.30365203858002277,0.128907141581303,-0.03654009194756261,
2.552185058,0.05904711914526822,0.24486155310879276,-0.18055043293305012,
2.557189941,0.7559168945349646,-0.08949894110671508,-0.4489813619714401,
2.562194824,0.7886080273467218,-0.24780764897912277,-0.4281426091084021,
2.567230224,0.4872340781273774,-0.20782863871454893,-0.26015324744297164,
2.572235107,0.738383453908152,-0.5244294148778881,-0.0031787502981273086,
2.57723999,-0.08349977984222845,-0.21843269205855975,0.06258151148024815,
2.582244873,-0.1721465035612828,-0.1555933216155978,0.13625905684044853,
2.587280273,-0.4843968903490263,-0.011461961979978952,0.29096525328485884,
2.592285156,-0.977446711497971,0.30685826244726755,0.41281370653413707,
2.597290039,-0.4850701621671269,0.18802811386406404,0.4298481331960597,
2.602325439,-0.6791938250462015,0.4185743465600016,0.16192049874434777,
2.607330322,-0.1583697084744613,0.34252549287300127,-0.08306125725452179,
2.612335205,0.321497592595431,0.1035492028921503,-0.15647586127236746,
2.617370605,0.21697590610759476,0.1652002021574699,-0.460361353080394,
2.622375488,0.9895231076985759,-0.33901903749277373,-0.4295805863705652,
2.627380371,0.5138963181901107,-0.1869378862442197,-0.2900389808152022,
2.632385254,0.6581995740833386,-0.4177021644641261,-0.07497552058966173,
2.637420654,0.3924776280166709,-0.42992589172755125,0.024296927278270652,
2.642425537,-0.2701975850866633,-0.13709256885079135,0.048172893385116544,
2.64743042,-0.15295006025683067,-0.20160520742438415,0.21857981861434328,
2.65246582,-0.8310514544554646,0.15283936921674268,0.36640438223522465,
2.657470703,-0.7433689955956218,0.2869931750608945,0.45974948235067975,
2.662475586,-0.4491263488202474,0.2755540127049656,0.2911882577555438,
2.667510986,-0.6408562548374479,0.5518030734452228,-0.04093855395181495,
2.672515869,0.26686821878629163,0.17520710719367827,-0.06915221034895197,
2.677520752,0.09664887190403332,0.2550826779424433,-0.2372797760916616,
2.682525635,0.6480954647107267,-0.03726686545854463,-0.4732955005608293,
2.687561035,0.8728220748935814,-0.30561915642933535,-0.43226188872991345,
2.692565918,0.4301058044461151,-0.21577218061221792,-0.28069720629643075,
2.697570801,0.7118336669943921,-0.572922920271024,0.055093113869105426,
2.702606201,-0.06260093749823631,-0.26489351199806954,0.09195046765778431,
2.707611084,-0.2339552617173391,-0.19084547366095528,0.11569904600122749,
2.712615967,-0.37487172890512127,-0.05306700392876351,0.286016268050982,
2.717651367,-0.956867597967847,0.29081055701323955,0.47206252615953564,
2.72265625,-0.4456210314992777,0.21541211748559164,0.4523448451463785,
2.727661133,-0.6399685048869221,0.4270782291447226,0.15884853236710283,
2.732696533,-0.23616913984703775,0.4546630715970288,-0.07786502176256772,
2.737701416,0.32054955140361985,0.15495360180887374,-0.1350703377225542,
2.742706299,0.14152264893539587,0.22356004941584828,-0.4183467975217934,
2.747741699,0.9732156777420667,-0.28658164796732244,-0.4649264614549347,
2.752746582,0.5353230304749035,-0.22926531837385866,-0.3298024972889478,
2.757751465,0.5948966079736728,-0.40175942266783693,-0.14125899001865821,
2.762756347,0.4605852551289382,-0.5148645693842688,-0.005744008421176561,
2.767791748,-0.28275249902184946,-0.16480913597616542,0.07393262529430877,
2.772796631,-0.18789633515497955,-0.20079262128093234,0.23345029945419704,
2.777801514,-0.7766354274989837,0.1324078951627552,0.3744677590946076,
2.782836914,-0.8473215255929369,0.31661967550520487,0.4087416877444361,
2.787841797,-0.4460945251618496,0.2513792364979146,0.3001867095705489,
2.79284668,-0.6863189795044797,0.513310420448331,7.206567189391028E-4,
2.797851562,0.22666503124016624,0.19230116838991407,-0.06645228321859872,
2.802886963,0.16217919296088298,0.19596739955568054,-0.16234151407487898,
2.807891846,0.5932565379624564,0.02462059933204408,-0.4171778987599032,
2.812896728,0.9342976131824652,-0.3269832080343651,-0.3892843111954226,
2.817932129,0.4543838913272222,-0.20412807033374136,-0.30377364036258814,
2.822937012,0.7101868005617777,-0.5310514797044927,-0.018922232602570532,
2.827941894,0.008859889668172194,-0.29267565641984383,0.009764557667943596,
2.832946777,-0.24573191248421228,-0.15369618919837436,0.05761633363435492,
2.837982178,-0.34215437764361983,-0.0942338068274502,0.31424492237623397,
2.84298706,-0.959429068521146,0.28087516156929127,0.5157147855572373,
2.847991943,-0.5242937430981668,0.232353937849183,0.4853501487582898,
2.853027344,-0.5898939788535335,0.3582708455918464,0.17568246275663185,
2.858032226,-0.34549916745782683,0.4781572038172275,-0.13718840479469452,
2.863037109,0.32884968947123855,0.13927625133503163,-0.06761205196075562,
2.86807251,0.12326041563949086,0.270393169036776,-0.3164919853186045,
2.873077392,0.9356200512615928,-0.2491151522705799,-0.4409011077861336,
2.878082275,0.6373998496030242,-0.2452638015039632,-0.3967760620101569,
2.883117676,0.5769608953074195,-0.3398633849531709,-0.18142231445187557,
2.888122558,0.5343592435896856,-0.545792075150036,0.038736660157249525,
2.893127441,-0.2735379957532515,-0.16656530074502918,0.03289362500079962,
2.898132324,-0.17477522082135122,-0.1983767523147737,0.1393275953131397,
2.903167724,-0.666553575094581,0.07497779736693033,0.32597623640676177,
2.908172607,-0.8684235241381648,0.29364923008104427,0.45040501256290943,
2.91317749,-0.4151001474355319,0.2157665520335854,0.38522635380032755,
2.91821289,-0.6940796296671756,0.5307919525643676,0.026625907259012052,
2.923217773,0.08447018298500958,0.2905515308014941,-0.08787896169279036,
2.928222656,0.19015915420050766,0.2075510879224467,-0.11819135294798228,
2.933258056,0.42409997961040613,0.10665366330670878,-0.4316502503271359,
2.938262939,0.988596389938325,-0.34753839747963156,-0.4200150244804587,
2.943267822,0.44801822523191004,-0.2110019093899549,-0.34751104302186697,
2.948272705,0.747232939560528,-0.5595363907932143,-0.07306498676124362,
2.953308105,0.12086984774217241,-0.37867159310332177,0.05264420199725511,
2.958312988,-0.2595663288375121,-0.16885524323265777,0.1474498342540541,
2.963317871,-0.2631950552575097,-0.13508419458612586,0.3458895549032433,
2.968353271,-0.9077484270185078,0.2635024685498486,0.44334982751634466,
2.973358154,-0.5787133900523063,0.25485715062112924,0.40831755732557573,
2.978363037,-0.5338447354793451,0.32838523221565374,0.20980834273546062,
2.983398437,-0.49793760478972604,0.5193732248350234,-0.09263916565538152,
2.988399935,0.3294819474182192,0.1320146931492694,-0.04920898877430521,
2.993404818,0.06821202277832536,0.29906878576941587,-0.2653803746131942,
2.998409701,0.8820110244726603,-0.2146878424782166,-0.36362265906555535,
3.003445101,0.7266781555156283,-0.29433328179507257,-0.38474578350244437,
3.008449984,0.5296335400375026,-0.32166047309230805,-0.29439330648945555,
3.013454867,0.6516243124987522,-0.5905925386300961,-0.08227978191031443,
3.018490267,-0.22760191718849831,-0.18708584731032651,-0.014114841153251567,
3.02349515,-0.16101219781329867,-0.19180734972326086,0.17449914270239875,
3.028500033,-0.575086613719389,0.06106828037764167,0.35604218525566905,
3.033535433,-0.8852768105067612,0.30168665555211405,0.44954322086078524,
3.038540316,-0.371124280436659,0.23943282053544124,0.34814776028237826,
3.043545199,-0.7067871196618272,0.4922542642408523,0.01611586447590259,
3.048550082,-0.004223641041961768,0.3459274348301822,-0.14416297248177792,
3.053585482,0.1862329035726806,0.16756226036414645,-0.05787188189167236,
3.058590365,0.3098872017643945,0.17618848016631716,-0.34892201723208793,
3.063595248,0.9757417926615156,-0.35129775102319627,-0.43045597316067036,
3.068630648,0.4434840591292125,-0.18527404066230702,-0.4018232746222863,
3.073635531,0.7206319738658701,-0.515968255967346,-0.04565295563532901,
3.078640414,0.22599288378019605,-0.4338439407113768,0.059254002679236806,
3.083675814,-0.2731485640695932,-0.15553462522535177,0.06272302636213944,
3.088680697,-0.18021318719317458,-0.17231588377403106,0.2532057648397116,
3.09368558,-0.8835016044420397,0.2701184843870248,0.39410513921551926,
3.09872098,-0.6129414202723819,0.2812192992283702,0.47233977543491545,
3.103725863,-0.5305753041866554,0.36479477532019544,0.2572053164416823,
3.108730746,-0.5776951066305744,0.5446678515061567,-0.07005361794040413,
3.113766146,0.29824430532054047,0.15991641011117608,-0.025391038883573303,
3.118771029,0.03556810050643236,0.25243263980769015,-0.22908968657560866,
3.123775912,0.7907713749363959,-0.15622039206009752,-0.44375758910423696,
3.128780795,0.7647704202616168,-0.31843334489807873,-0.3818249189396396,
3.133816195,0.49498284011554344,-0.262400484512213,-0.24800143905796168,
3.138821078,0.6986107838111848,-0.5872519305785193,-0.0240969520276193,
3.143825961,-0.12106742763855216,-0.2322893374315651,-0.005874241309595463,
3.148861361,-0.15814544601709174,-0.18966447775775208,0.17534211085857365,
3.153866244,-0.4942653802511734,0.01872740216879798,0.3069118722806089,
3.158871127,-0.9489523432634388,0.32335594517253874,0.4121676814182371,
3.163876009,-0.43928882773575106,0.20697577176303028,0.47338648888458973,
3.16891141,-0.7421659254698509,0.4682051291291742,0.19100167157642178,
3.173916293,-0.1302195567821307,0.3554112712720894,-0.09236467836386257,
3.178921175,0.24442054598054544,0.20005167326767115,-0.17732191847234008,
3.183956576,0.23959161256568634,0.19451399486413656,-0.4253292144653721,
3.188961459,0.9884628408337991,-0.29258216348369004,-0.4436935473535477,
3.193966341,0.46707642501078933,-0.21299639484945132,-0.3683581581953382,
3.199001742,0.7011879954773815,-0.4672721158795614,-0.11272851874377054,
3.204006625,0.31770088466315527,-0.47916437239114806,0.0458035131299836,
3.209011507,-0.25150335476947583,-0.15540181041291845,0.025155994097736833,
3.21401639,-0.1609805158468307,-0.2315846319240844,0.2059158109031895,
3.219051791,-0.8144777720524646,0.15949547805448283,0.4328722971600516,
3.224056673,-0.7109572176419717,0.24634638244358698,0.5301845564780413,
3.229061556,-0.4691686061448274,0.2698676332986203,0.33603729361993306,
3.234096957,-0.637737228665862,0.5127691066388955,-0.037627684635303554,
3.239101839,0.27127994362981045,0.15356245327986606,-0.058837499270742846,
3.244106722,0.038886747872598354,0.2569197868426425,-0.2615841595728443,
3.249142123,0.6957456287668287,-0.0817688580258853,-0.41229467140827547,
3.254147005,0.807512030357213,-0.30866459813945823,-0.3528215769703704,
3.259151888,0.4583021047545205,-0.24693167851156694,-0.26310442954504637,
3.264156771,0.7420445158348664,-0.5595448545280028,-0.057260887386037074,
3.269192171,-0.08057093030085682,-0.2560953562786512,0.007828985403670385,
3.274197054,-0.14298457627193545,-0.15700030846042168,0.14608252426043628,
3.279201937,-0.4304154930487984,-0.012587551455837342,0.30839433972084906,
3.284237337,-0.9457606170952888,0.3423591580540801,0.4171866631829293,
3.28924222,-0.486540134301231,0.2164166233182634,0.45058282664009347,
3.294247103,-0.7110094511909848,0.46043798615461107,0.17468745271832478,
3.299282504,-0.2566127367340379,0.4239045881424399,-0.15522074095034016,
3.304287386,0.2697220176440197,0.18780531113895194,-0.17014827244777214,
3.309292269,0.09894411802146577,0.2345215926611619,-0.3525492820207178,
3.314297152,0.9812915248859226,-0.2644090930585712,-0.3529134490540742,
3.319332552,0.4785757003774882,-0.20004045804060766,-0.33212323971200935,
3.324337435,0.6720817517082406,-0.39369935861998684,-0.1718509355196075,
3.329342318,0.44763854589784247,-0.4969174947084891,-0.04171658825943603,
3.334377718,-0.21458203437547607,-0.175353819985542,0.004944600486201156,
3.339382601,-0.09505429937538085,-0.23222641536343325,0.24145568038896092,
3.344387484,-0.7291806465315547,0.10152355520925305,0.38852587243616876,
3.349422884,-0.7365671734752438,0.2899956996361528,0.43915321748018504,
3.354427767,-0.4379475864364451,0.23008005580267188,0.35132257398414807,
3.35943265,-0.7161905886804061,0.5326602360483879,-0.010079636125181562,
3.364437533,0.21617106421192514,0.165642348994961,-0.08084202921264526,
3.369472933,0.05801985918204011,0.27999923075846844,-0.1738533108701162,
3.374477816,0.6363450865643822,-0.005846806799475246,-0.324873664321093,
3.379482699,0.9285462840952557,-0.30538545325208055,-0.4207876033318744,
3.384518099,0.5091578280574547,-0.2021696907266648,-0.3634489303217496,
3.389522982,0.8172139577584638,-0.5314012799250829,-0.08198228878864966,
3.394527865,0.03702311933177099,-0.30828752784631597,-0.04068348728091975,
3.399563265,-0.11403384828458318,-0.19108803008955277,0.07471639376901418,
3.404568148,-0.3172402622214166,-0.08582940844664222,0.26663346657771136,
3.409573031,-0.9030964089958833,0.24928080918018658,0.3626964216996691,
3.414577914,-0.5098672639154567,0.18410482312539855,0.4414754967347353,
3.419613314,-0.6798786744136154,0.36754753037531884,0.2727360614502883,
3.424618197,-0.4309024512496423,0.4376903680502551,-0.028893670371019392,
3.42962308,0.21456758978153614,0.16819428662770441,-0.07674042457806551,
3.43465848,-0.019886455518521085,0.27437476523966353,-0.32762769122495244,
3.439663363,0.8843105621476832,-0.23443085187076917,-0.36361582485496197,
3.444668246,0.49293428956189655,-0.21053052134036498,-0.3464468591027196,
3.449703646,0.6069572949307673,-0.3312295928535427,-0.21778248728217564,
3.454708529,0.5564276523508639,-0.5312190258453349,-0.045893470294490535,
3.459713412,-0.16585641327555894,-0.18364221286376825,0.016922919076907572,
3.464748812,-0.06372761108919717,-0.19288544997851353,0.21464917510527604,
3.469753695,-0.6294244716838577,0.13299632751718882,0.34217832445922086,
3.474758578,-0.7621089132845862,0.31517391748250034,0.4576171712861267,
3.479793978,-0.420075314221419,0.24255661445475063,0.42356444015390143,
3.484798861,-0.7114630834083853,0.5407249790637998,0.07261620056062114,
3.489803744,0.10311957233579178,0.25445498325104055,-0.0970584067390031,
3.494808627,0.057593314118633415,0.2610224826945817,-0.20980004570370248,
3.499844027,0.3985038505136568,0.04217980256191467,-0.441741403750462,
3.50484891,0.8953289593171755,-0.3397424860754672,-0.39744829878161964,
3.509853793,0.4270419760474904,-0.23540482870412305,-0.2873067835565457,
3.514889193,0.8281326042754924,-0.5694762067132988,-0.001915739345236589,
3.519894076,0.1357848920141439,-0.3674828208393883,-0.0015325914761892823,
3.524898959,-0.09249513326368486,-0.20970891292150995,-0.014641600524701426,
3.529903841,-0.2463715948921979,-0.14286478658720725,0.20472959067398888,
3.534939242,-0.8866236431012584,0.24195817073023385,0.38788035222669115,
3.539944125,-0.5790620980747567,0.21273157564668743,0.5267349458438529,
3.544949007,-0.6279713581473054,0.32149141286109995,0.3600964527688324,
3.549984408,-0.5023770865178443,0.4257478177888796,0.019925306746315895,
3.554989291,0.27230487375447454,0.1260718870436044,-0.005129090540447287,
3.559994173,-0.03305942130892037,0.29239803697863387,-0.3201311044636078,
3.565029574,0.8182179902966138,-0.20470461729209255,-0.4591322273208863,
3.570034457,0.589462087549791,-0.2193056860211744,-0.39029162170045906,
3.575039339,0.5347654708210828,-0.3095143730356895,-0.20306581689161723,
3.580044222,0.6883104235318663,-0.532999682022302,-0.01113429413829381,
3.585079623,-0.13505722758075694,-0.16399740186784229,-0.05871212281063504,
3.590084505,-0.010365118002105544,-0.18865641758802454,0.05072317284524197,
3.595089388,-0.5656529342454344,0.10572769796083037,0.2493431867136936,
3.600124789,-0.8643265466150976,0.2991085255561643,0.4867792368709549,
3.605129671,-0.5037537177608281,0.27950898841368144,0.5426582527780139,
3.610134554,-0.7975708453024125,0.5377185188559448,0.1410724030036612,
3.615169955,-0.05769778952318,0.3535634869597555,-0.18976658931582108,
3.620174837,0.08216208088145599,0.2158097739428051,-0.19011893551515685,
3.62517972,0.26684050454891484,0.15157848321674372,-0.3704423163808755,
3.630184603,0.910664786451632,-0.35948672514535573,-0.3519080523234504,
3.635220004,0.40292147759880553,-0.18224270042878388,-0.3887896254525104,
3.640224886,0.8088484125477945,-0.5326960158117782,-0.0984218370807583,
3.645229769,0.2927330269132356,-0.4280733165556718,-0.007863446227106663,
3.65026517,-0.08759092221941156,-0.24477798918203852,0.014778578955814692,
3.655270052,-0.1102949057442793,-0.19582239134563117,0.18419835144590174,
3.660274935,-0.8199131706891735,0.24364726270474435,0.3235793842817214,
3.665310336,-0.5601541693638388,0.22365316172629512,0.5289196597691271,
3.670315218,-0.6032747026785711,0.3589640332872861,0.4384677590653017,
3.675320101,-0.5745509144866069,0.4576424180360785,0.07878934397099138,
3.680324984,0.2318021395044645,0.18032291880386353,-0.0499812201357069,
3.685360384,-0.017585632146428415,0.28216116707434047,-0.23917931204606552,
3.690365267,0.7808045411578574,-0.09988141790302763,-0.38478827385560244,
3.69537015,0.6897681446450359,-0.27144566166617246,-0.3901914589282319,
3.70040555,0.5652178360285287,-0.2573786973016876,-0.25852767886133554,
3.705410433,0.7030897961665731,-0.5793892859663501,-0.0037947993390684,
3.710415316,-0.07151253806674152,-0.22601142877308078,-0.10454951134625468,
3.715450716,-0.041890206234643235,-0.26700299067471356,-0.0031952731395037404,
3.720455599,-0.4740395087377146,-9.925292585215573E-4,0.204304133050897,
3.725460482,-0.8638263335526717,0.23862248049943346,0.42776215409696766,
3.730465365,-0.4918545238733874,0.19473099221204748,0.5529030826525742,
3.735500765,-0.80912082612996,0.4775621375196373,0.28335029815330937,
3.740505648,-0.181866973403968,0.38204971001571053,-0.07403997632110254,
3.745510531,0.05753376502682561,0.27691662348131807,-0.14542582871313203,
3.750545931,0.1877628518652105,0.23110361128505552,-0.40746615125175567,
3.755550814,0.9221096955546684,-0.23074211097195452,-0.4064172569389045,
3.760555697,0.4906052369124848,-0.18651019268381397,-0.3615351727386236,
3.765591097,0.8157752051549878,-0.4575821775845519,-0.1168404428783989,
3.77059598,0.3921343242802403,-0.45417609363014044,-0.07240301836521912,
3.775600863,-0.06170757963830775,-0.18904888271661235,-0.11538091078592533,
3.780605746,-0.09533774339814616,-0.20294809054828988,0.11455562293375976,
3.785641146,-0.7523932415935171,0.1919872306863688,0.3789491858470078,
3.790646029,-0.6900127378060636,0.18997894470534504,0.6038673564901063,
3.795650912,-0.569258725401101,0.28605297998302603,0.5079962289420851,
3.800686312,-0.7139763162583808,0.4586885753926708,0.10377247143491802,
3.805691195,0.1643169938682954,0.19839617281413702,-0.08553671035206559,
3.810696078,-0.07923976428036367,0.29088246559505926,-0.19867839171915247,
3.815731478,0.6912712745132091,-0.05076570721145224,-0.379206385250322,
3.820736361,0.7502948516418173,-0.2666257493629107,-0.3761556355440076,
3.825741244,0.5619302172509539,-0.26693829480282893,-0.3219938443727061,
3.830776644,0.7847248378632632,-0.5659676280297639,-0.09477769268566488,
3.835781527,0.02253084685311052,-0.29571843836131073,-0.09498719321103188,
3.84078641,-0.03368430689251156,-0.24040775850154894,-0.005115731131325518,
3.84582181,-0.38704266035775925,-0.0467573591449888,0.2295866143136896,
3.850826693,-0.8287015110987075,0.26905163221525896,0.4537254437947017,
3.855831576,-0.503976833878966,0.18842245811595681,0.6119793784732614,
3.860836459,-0.7460403538219228,0.44570866961776545,0.30570899105985916,
3.865871859,-0.3037780838387883,0.39295609585046165,-0.0791266548083627,
3.870876742,0.12472655636646937,0.22625452511787003,-0.14949517150294017,
3.875881625,0.06147558103067549,0.25379414743804674,-0.32837299267110215,
3.880917025,0.9379133749807904,-0.2566570648620612,-0.30674136288688175,
3.885921908,0.5128184929533823,-0.21106295657714824,-0.3430859614032554,
3.890926791,0.804822665456456,-0.45807155666796895,-0.18635841756010435,
3.895931673,0.5097883081464147,-0.49287326095937445,-0.13759991764183344,
3.900967074,-0.08059708785786818,-0.2257439212674992,-0.14071958255096673,
3.905971957,-0.031909310911294564,-0.23039982451399865,0.04831300583422665,
3.910976839,-0.7035669995102858,0.1298036755450518,0.32020558044863134,
3.91601224,-0.7237422714832287,0.22259294043604072,0.5626219838901552,
3.921017123,-0.5636739929678329,0.2776715203175826,0.5784301066433741,
3.926022005,-0.7995353857805164,0.49987159125406677,0.16395258140844932,
3.931057406,0.04989805856308688,0.26389873784700413,-0.050795942685740544,
3.936062289,-0.11330420939953051,0.3298689902776033,-0.20727493774234246,
3.941067171,0.5184386637303756,0.07045036800333193,-0.40715295800637397,
3.946072054,0.8016527864530505,-0.2213740805973341,-0.37361054999884924,
3.951107455,0.5053359010374405,-0.18666957697786657,-0.3429436157803294,
3.956112337,0.8735314161424524,-0.4940988451760422,-0.08856387699926349,
3.96111722,0.10697942978896197,-0.2861115956720841,-0.09575344534941077,
3.966152621,0.007055711799919595,-0.23845958903766729,-0.053616916435778594,
3.971157504,-0.2797436141538143,-0.10265731966763347,0.14289748247637712,
3.976162386,-0.8501254577293015,0.20899963254714393,0.3767203297311017,
3.981197787,-0.5345315185271912,0.13847656150646515,0.5446257755036314,
3.98620267,-0.757068574196753,0.3540307609239228,0.36292230009040516,
3.991207552,-0.4160308359199024,0.4000581048328886,-0.029535206802675906,
3.996212435,0.14027103438907806,0.18406015574131018,-0.06767113419214074,
4.001247836,-0.01803219592623756,0.2966499800617992,-0.28973261047871257,
4.006252718,0.88579396982151,-0.20321956673181063,-0.3965077680704701,
4.011257601,0.541996992263458,-0.1606591494791978,-0.4148868785188761,
4.016293002,0.7247352891232665,-0.34305368677085823,-0.2208255184401009,
4.021297884,0.6563995594236132,-0.5215132619166862,-0.010022231158330674,
4.026302767,-0.04948972746110947,-0.21801627359584863,-0.021421105239164517,
4.031338168,0.05810108912486245,-0.2816762024704289,0.1303484673711684,
4.03634305,-0.6277256716688601,0.11367270989865652,0.2326112934281847,
4.041347933,-0.7473465529600881,0.20970037495017557,0.4906300503675478,
4.046352816,-0.5538342736180705,0.23862211636638975,0.5610465207627883,
4.051388216,-0.8261362665507064,0.48203538840561144,0.22091973614148064,
4.056393099,-0.021175126521815135,0.2687948146307395,-0.049277394680565495,
4.061397982,-0.07631510121745211,0.2954801876420916,-0.1926567790257024,
4.066433382,0.34691911043228835,0.12337145480117329,-0.43184759118931193,
4.071438265,0.7946861672520807,-0.23648350022156173,-0.3799629362326996,
4.076443148,0.43654239083291463,-0.15279764002099938,-0.3748321653924097,
4.081478548,0.8414824478225817,-0.5148894792042995,-0.09683838856392779,
4.086483431,0.2249925988830654,-0.33721675914468996,-0.08896973428864224,
4.091488314,0.03250872754395229,-0.24103805575325232,-0.061593267899663795,
4.096493197,-0.14636850624608821,-0.1985799563213515,0.15375272943026896,
4.101528597,-0.8257862112468706,0.2242170896304181,0.3068766952629652,
4.10653348,-0.5418667619662465,0.13915150373558482,0.5079036999603722,
4.111538363,-0.7227146009792472,0.38329385923846715,0.4235592880932978,
4.116573763,-0.5264626964083978,0.4215642866095237,0.10326393438088821,
4.121578646,0.14768970615453175,0.19168258163136898,0.007916323285960578,
4.126583529,-0.1346680592951246,0.31998424889884447,-0.24074946090248156,
4.131618929,0.7771654549076503,-0.15198379228717585,-0.33243111169073525,
4.136623812,0.5125526764261203,-0.16947521742349103,-0.36745856122758824,
4.141628695,0.6360553247346463,-0.32520419737629247,-0.23075884116957063,
4.146633578,0.7061220918189671,-0.5283152133697833,-0.017968889341906547,
4.151668978,-0.007795197638576334,-0.24834797147707732,-0.10822276772352524,
4.156673861,0.09911052157663891,-0.29445474436916186,-3.8436652257017867E-4,
4.161678744,-0.5029869733636889,0.021101243567169803,0.20845715521944386,
4.166714144,-0.7682220982222011,0.21799183469748584,0.4521539077693051,
4.171719027,-0.5092309988902609,0.18397598728923903,0.5513471496529441,
4.17672391,-0.8364253264559588,0.49959778201889193,0.26295271972235534,
4.18175931,-0.11368371819601703,0.32115039358386355,-0.00224768750336575,
4.186764193,-0.04305879096306364,0.29714248283584155,-0.1320349664089426,
4.191769076,0.2547741586357991,0.17450597845617288,-0.35462699656465413,
4.196804476,0.9029160065961394,-0.23771455317256063,-0.3584086285017233,
4.201809359,0.4637634693394115,-0.1212263300380485,-0.44953207858262867,
4.206814242,0.9053979825027791,-0.4723838960616895,-0.208307303491103,
4.211849642,0.31826369850222336,-0.3453509645056023,-0.13599398732413237,
4.216854525,0.007528439270528708,-0.21882227551073186,-0.05900270939055585,
4.221859408,-0.14146260014607703,-0.19612715634608513,0.1673241996750553,
4.226864291,-0.8122789668356116,0.15722181007938119,0.29666453552129424,
4.231899691,-0.6153383101872394,0.13344346368850424,0.5514429565420355,
4.236904574,-0.6838111754935415,0.2772137553258034,0.4852095410148784,
4.241909457,-0.6332427880510832,0.4477841878543938,0.05489126562440272,
4.246944857,0.12930664846538342,0.16094951825226467,-0.00971247578172782,
4.25194974,-0.15512401716519325,0.349023286476811,-0.19739400406288227,
4.256954623,0.7243993214240955,-0.09236340206854976,-0.34752701965655586,
4.261959505,0.6503934805767764,-0.20412753806109052,-0.4829654633814947,
4.266994906,0.6218284563364211,-0.26289919841762277,-0.38446807383019577,
4.271999789,0.821156612725387,-0.5531782454528482,-0.02217406843915659,
4.277004671,0.01910790736780954,-0.24525255729977857,-0.059877926626325295,
4.282040072,0.13403632589424763,-0.2938949169335725,0.11681933838643976,
4.287044955,-0.4175756267846019,0.010050082078141287,0.25434414258415183,
4.292049837,-0.7554350131464316,0.2627886008187641,0.3720177945360715,
4.297085238,-0.4626121706733953,0.18916154471751057,0.4968207785976072,
4.302090121,-0.8106292873199663,0.4922594115552599,0.2691241033468358,
4.307095004,-0.21946290251222303,0.3401820409629579,-0.010713900916281383,
4.312099886,-0.022335458728528435,0.2683126249578667,-0.1062517847955251,
4.317135287,0.07597928926717726,0.23188642809129334,-0.33974996299267013,
4.32214017,0.8614059900074919,-0.253101697370715,-0.3771466500816361,
4.327145052,0.3960705927872435,-0.12203702195907162,-0.4549399763153089,
4.332180453,0.8340073531360448,-0.43282248866100836,-0.19923030136474712,
4.337185336,0.3914002184463359,-0.432451838585056,-0.15363472937304773,
4.342190218,-0.006752872117931297,-0.2578511193055437,-0.03672614287343817,
4.347225619,-0.024555129725595037,-0.24075355169443569,0.24068744507624945,
4.352230502,-0.703420959249226,0.13875702192570216,0.33811880371724956,
4.357235384,-0.5780687986493809,0.19336645738431102,0.5309808828175496,
4.362240267,-0.6118446873570047,0.2983455096574481,0.48415970625403976,
4.367275668,-0.7154889334793538,0.5221480874134592,0.0559801087532318,
4.37228055,0.09798238837276693,0.16871944649326842,-0.10845077627866456,
4.377285433,-0.18784944086428645,0.33608639703836474,-0.18635778899168165,
4.382320834,0.5967053105898209,-0.06632375346305786,-0.2544329108808453,
4.387325716,0.6842246000343567,-0.22160148323919593,-0.32421283261092626,
4.392330599,0.5550456956524854,-0.2711410498726057,-0.33981460202624103,
4.397366,0.8673275721469884,-0.5540100078668342,-0.03626818552724281,
4.402370882,0.06562719443634069,-0.27656982269971664,-0.11519618904679424,
4.407375765,0.14251640398657256,-0.3017124011285226,-0.050018279362435414,
4.412380648,-0.345667052591992,-0.06514921777781879,0.13811037651005165,
4.417416048,-0.7898515131673436,0.20644996171524532,0.39395998089554135,
4.422420931,-0.49206187459637496,0.14792364124719626,0.6599311683101832,
4.427425814,-0.8341768434271,0.40756010440400736,0.4762359502731465,
4.432461214,-0.31300797864793,0.3528669311794559,0.05919920943726721,
4.437466097,0.004342152237906016,0.253558193381064,-0.10969629651268624,
4.44247098,0.014960538196574807,0.2928734101736019,-0.403784869241399,
4.44750638,0.83366032508851,-0.20624082264236776,-0.39965143054936925,
4.452511263,0.42559525225830797,-0.12477049014514385,-0.4786933124082454,
4.457516146,0.7810157525878965,-0.4043574077411147,-0.2718584585203464,
4.462521029,0.5022173872265672,-0.4671382699428914,-0.11788959884752714,
4.467556429,-0.029170914437496254,-0.24921110423556314,-0.0923951751717717,
4.472561312,0.059024108293752986,-0.2529943716697005,0.13294421142508261,
4.477566195,-0.6863744633649977,0.13853467844548994,0.27489784960881614,
4.482601595,-0.6352812113169982,0.2142579185376423,0.501485662499553,
4.487606478,-0.6231541682723486,0.31889168639261456,0.5141890182808924,
4.492611361,-0.7915653268053789,0.5424180366140909,0.1546983825934639,
4.497646761,-0.0011843903505531772,0.27878306210377346,-0.05437850095647889,
4.502651644,-0.17525171149919255,0.35710848093301806,-0.11628112107768312,
4.507656527,0.46122685345689596,0.0539240894339148,-0.3018017523308965,
4.51266141,0.7003413460467668,-0.20777625579661851,-0.39658056202096725,
4.51769681,0.5219552057436635,-0.1834573327622948,-0.5049719691480239,
4.522701693,0.8925763716261809,-0.5106818818348362,-0.1319927120371691,
4.527706576,0.19308941761344472,-0.3338506812491193,-0.05388518525473529,
4.532741976,0.1717078622157558,-0.30730271296804545,0.03350317992121177,
4.537746859,-0.1805902531961454,-0.171135139124436,0.20684404784321941,
4.542751742,-0.7363179056819165,0.20210556057545048,0.3033902773370756,
4.547787142,-0.46072180501428317,0.13294909689786039,0.5070310695259105,
4.552792025,-0.8148542994801766,0.39174746111203973,0.37113999233947836,
4.557796908,-0.4316197677091413,0.3785224806083818,0.06707800949658271,
4.562832308,-0.00436563838606302,0.21088683214295578,-0.0018917916214838265,
4.567837191,-0.07818733492760044,0.3142783133706146,-0.23901343329718708,
4.572842074,0.7878773781516697,-0.16613106024100865,-0.33294658648149966,
4.577877474,0.5153727033025858,-0.11950152788030621,-0.5402586363726998,
4.582882357,0.7704768735795686,-0.34458803871049426,-0.3632493895669099,
4.58788724,0.648937651207405,-0.4595449426871454,-0.05118300774727791,
4.592892123,0.036484105340924,-0.26420577836846704,-0.010294550729072316,
4.597927523,0.09621609286648919,-0.29182116566352434,0.1871256875417422,
4.602932406,-0.5723313249255587,0.04044443465668124,0.2588802375333938,
4.607937289,-0.666641915409197,0.17025837975659464,0.40821502987046504,
4.612972689,-0.5773687081086076,0.1668585592740257,0.548752199677622,
4.617977572,-0.8430473102368862,0.4322783513254702,0.2800295917733477,
4.622982455,-0.10174497709575892,0.20983635293537617,-7.3006268821868E-5,
4.627987337,-0.20014598167660713,0.32109173859830165,-0.1322239323588075,
4.633022738,0.3225492302837143,0.13812339087864167,-0.28390414588704604,
4.638027621,0.7177317670394715,-0.15573663885958666,-0.31523366827213684,
4.643032504,0.5205477183190772,-0.12075630327516862,-0.42839543071145947,
4.648067904,0.8818800691865119,-0.48733990590138454,-0.13585599300666762,
4.653072787,0.2745470240992095,-0.3151771005023569,-0.12400461862408413,
4.65807767,0.1296107638106176,-0.2540459772768848,-0.10878621443051734,
4.66311307,-0.11849156473275596,-0.15919381307150715,0.06620589173683616,
4.668117953,-0.6943049705362048,0.16186614094904428,0.26939537745196895,
4.673122836,-0.48073694517896387,0.09310375260298542,0.5641124933678252,
4.678127718,-0.7695871147369211,0.35220517005113905,0.4129843306317602,
4.683163119,-0.5275593402270369,0.41392966338466053,0.05648609731790816,
4.688168002,-0.048548937025379546,0.26026970727022913,-0.04100496980192349,
4.693172884,-0.18440799727655366,0.3710331486286833,-0.1841101281852888,
4.698208285,0.7048051451475071,-0.09390834437830264,-0.2851909345794811,
4.703213168,0.5006361083055058,-0.1249313630026414,-0.47331876328858485,
4.70821805,0.7510215819569046,-0.3202087622771117,-0.3518483700058679,
4.713253451,0.7176629686905237,-0.46302736138418865,-0.07078533662969427,
4.718258334,0.06654980854616899,-0.2938105609823509,-0.06046127711625543,
4.723263216,0.1854053741806852,-0.30974327300463145,0.08762951346324566,
4.728268099,-0.5201327319054518,-0.0064616105912058686,0.23481308342684654,
4.7333035,-0.6536183925556116,0.19594155137078495,0.34875134564772725,
4.738308382,-0.5343815304507393,0.16633576062787725,0.5203340843306818,
4.743313265,-0.8469754392043415,0.45676245615855215,0.3166700994957955,
4.748348666,-0.11829080058222319,0.26389629305184137,0.061795552252886396,
4.753353548,-0.16932746468452853,0.3279505305352224,-0.07506306991644088,
4.758358431,0.2859125399711272,0.17616657677192826,-0.31478678405815275,
4.763393832,0.7592842311956518,-0.15977474639495703,-0.3648421225590222,
4.768398714,0.5231500412065214,-0.13165280492846598,-0.4968175457034678,
4.773403597,0.8839497204652171,-0.49414060331777243,-0.20783001312527427,
4.77840848,0.3470767685596738,-0.427868634997969,-0.08965268237521945,
4.78344388,0.10910672734773902,-0.33846190018587485,-0.03724948965017555,
4.788448763,-0.08700661030930879,-0.21906053577369988,0.09853292781110956,
4.793453646,-0.7150886866849471,0.1427081143497908,0.23588200631138767,
4.798489046,-0.5682379415354577,0.173541491479833,0.5717866597366101,
4.803493929,-0.7265752165096162,0.3495143455276164,0.5608595035705382,
4.808498812,-0.629136149770193,0.4788180193908431,0.08859238801268056,
4.813534212,0.0253287754963456,0.24513937645017414,-0.09384776927735555,
4.818539095,-0.2057501631966735,0.4106378683476386,-0.24553719979688446,
4.823543978,0.6455927405364112,-0.020085896728138763,-0.29412263093125757,
4.828548861,0.545209543991629,-0.11374938144501101,-0.4115066008387561,
4.833584261,0.6851666586308033,-0.2863730403122595,-0.31196895254600493,
4.838589144,0.7818003190921426,-0.4934172799060583,-0.048464322193053966,
4.843594027,0.12937091933621414,-0.314289487987347,-0.1536884499419432,
4.848629427,0.2011773995314713,-0.37018159038987797,-0.06357575995355458,
4.85363431,-0.419416967093573,-0.08353540903065237,0.1310973998496563,
4.858639193,-0.6898670697686085,0.1381155204317288,0.41325194331722503,
4.863674593,-0.6016983433148868,0.15454759212663305,0.67728124215378,
4.868679476,-0.8740100418394094,0.41476356198255715,0.4881995054417741,
4.873684359,-0.2988906506590276,0.32989434567979536,0.12432425279091928,
4.878719759,-0.12994504005847207,0.31180366013758665,-0.10740094932976459,
4.883724642,0.10290431951572235,0.2819990804538204,-0.3674759352450617,
4.888729525,0.7469596860813279,-0.1344837434494437,-0.38400760366479936,
4.893764925,0.45199890120881236,-0.07885164319705495,-0.4757607704318395,
4.898769808,0.8710839842482999,-0.43657984971389396,-0.15842844056422167,
4.903774691,0.47085400380488995,-0.3607629032086148,-0.03096638526387735,
4.908779574,0.18132187491891194,-0.30966745147314256,-0.13586929961735184,
4.913814974,0.08184949212262954,-0.2228438244597637,-0.049320439693881446,
4.918819857,-0.6470448203643964,0.08604378808843904,0.12718183183864484,
4.92382474,-0.5884976726977671,0.14737506953325052,0.3890501529709159,
4.92886014,-0.8079075131582137,0.2787887275016008,0.5257664895642327,
4.933865023,-0.749756186307821,0.42605832575128133,0.3037674885263862,
4.938869906,-0.07115504670250686,0.1991108207572747,0.14341682285235896,
4.943874789,-0.23697774829950552,0.3220938323870701,-0.12085003781186283,
4.948910189,0.5248465122978956,-0.0028229809653446125,-0.3475955575932403,
4.953915072,0.5539592410883165,-0.12674568945977427,-0.41597927810584223,
4.958919955,0.6212923928706533,-0.24696539922407013,-0.33086691857842376,
4.963955355,0.8743654572652726,-0.49829253422300646,-0.063582695018989,
4.968960238,0.23596697518721815,-0.28178832425340516,-0.11790717164019121,
4.973965121,0.3247721153060245,-0.3460971633089738,-0.09432573731215299,
4.978970004,-0.2764860186926804,-0.09300321892842867,0.05095542577527756,
4.984005404,-0.6559788540166444,0.12287525688850742,0.3261525242139721,
4.989010287,-0.6435330832133155,0.17491153363580558,0.6708097146836777,
4.99401517,-0.9189646501644024,0.39467776206489447,0.6113425959656922,
4.99905057,-0.440213224037772,0.34063234637066486,0.2592400923975538,
5.004055453,-0.13764421204271765,0.21504738100278153,0.06182322626179303,
5.009060336,-0.02008851416542412,0.2658977680834749,-0.2627484502405656,
5.014095736,0.6964413956989107,-0.1626968245957201,-0.3481015922237025,
5.019100619,0.45563944468412865,-0.06503294795782644,-0.535146312841462,
5.024105502,0.8605808916848029,-0.3680663974287608,-0.28638121042941966,
5.029140902,0.6022830727228423,-0.3385082937242583,-0.14291112068728573,
5.034145785,0.23091093083452396,-0.257391107635657,-0.22924588873732865,
5.039150668,0.14450657669886918,-0.23848124548352523,-0.14317454302111293,
5.04415555,-0.5566847777034047,0.10226920283193053,0.06358536558310962,
5.049190951,-0.6253893260689738,0.15842669039054513,0.3783951479352377,
5.054195834,-0.7627260116364291,0.2876300241874361,0.5517151417856903,
5.059200716,-0.8055421374341434,0.43504786700619924,0.3934839298348022,
5.064236117,-0.16750499900981464,0.2982458131362087,0.10027298371159175,
5.069241,-0.25276620623910173,0.35159713879021837,-0.1457947966244766,
5.074245882,0.41261857797746865,0.09166589462592611,-0.3196631810495813,
5.079281283,0.5905929092569749,-0.1507639639867584,-0.34767390421466504,
5.084286166,0.58930782349933,-0.1589290422831553,-0.42754097884048203,
5.089291048,0.881333954111964,-0.5006295619515235,-0.14282624010363565,
5.094295931,0.2664441164145712,-0.30090648159246847,-0.10277417567665853,
5.099331332,0.268709492350407,-0.39204354464897406,0.011640522739923165,
5.104336214,-0.21598943736967446,-0.16423298025042854,0.1299789220981885,
5.109341097,-0.6286509248957396,0.06015414314340717,0.27444212205355084,
5.114376498,-0.4914339235103417,0.050027611389726445,0.5336772327990906,
5.11938138,-0.8164381544332734,0.3196729680180308,0.47482996983302256,
5.124386263,-0.40223499620286873,0.3361827103519257,0.10404610477266807,
5.129421664,-0.07278897352479499,0.2612801526565409,-0.05274944430686555,
5.134426546,-0.018009010851086,0.364175489312732,-0.24905990700799246,
5.139431429,0.7287446467878812,-0.05917230386231509,-0.308427613106394,
5.144436312,0.519787709617805,-0.028185011058601717,-0.5282972662663652,
5.149471712,0.8295508708192441,-0.313685704159381,-0.3594298052005922,
5.154476595,0.6349175521241452,-0.38885139535875446,-0.08643300431672374,
5.159481478,0.11528267451181617,-0.27660846003700357,-0.07489591517212901,
5.164516879,0.13436481148445295,-0.32663344771710356,0.07033229129979679,
5.169521761,-0.5801302211249377,0.04132996057631644,0.1711828252273374,
5.174526644,-0.6307423604937001,0.10200928096105244,0.36870895549436994,
5.179562045,-0.6980387126137102,0.21951025680009195,0.5726893323642459,
5.184566927,-0.8495686654034682,0.41886992419007285,0.3413179697976468,
5.18957181,-0.1529337409165245,0.2852912518520583,0.10449968833811743,
5.194607211,-0.2659993364832196,0.36805233741914734,-0.06962290557950605,
5.199612093,0.34457357768842434,0.19101169415406893,-0.29511482836985486,
5.204616976,0.6280880613694895,-0.1364118360829938,-0.3605913744146339,
5.209652377,0.5963181053455917,-0.14935163683514574,-0.44362446671920713,
5.214657259,0.8984412030264735,-0.523619493061867,-0.14803922181286572,
5.219662142,0.3605742514836787,-0.34802157101199427,-0.14715452198154255,
5.224667025,0.22908440118694295,-0.3971794638408461,-0.07368064883523406,
5.229702425,-0.09828765483169566,-0.17600773122892654,0.05598468015056274,
5.234707308,-0.6570725066778565,0.09287301423560912,0.20950942380795018,
5.239712191,-0.48926884518603525,0.091534739513488,0.5276905468588602,
5.244747591,-0.8415249394300782,0.3432961509857897,0.5409024374870882,
5.249752474,-0.5238180960753126,0.37231758485113176,0.23352761405217057,
5.254757357,-0.1509026213915001,0.29593756397465576,0.001031075616736453,
5.25976224,-0.16669377680070008,0.3804023949297246,-0.22518832310036085,
5.26479764,0.63471138480944,-0.01745542780622067,-0.2931511467615387,
5.269802523,0.515422916441302,-0.07908885396372689,-0.41647892522173097,
5.274807406,0.8011566925280417,-0.3333394425459808,-0.3236128276773848,
5.279842806,0.7424390258974334,-0.4869352259117843,-0.05586291839190788,
5.284847689,0.1668271972804467,-0.2976048213544278,-0.15385781518227626,
5.289852572,0.21198958985560734,-0.3376810250522926,-0.029238595895821007,
5.294857455,-0.47587951952176416,0.011410355739416289,0.026401603752093217,
5.299892855,-0.6067167992111613,0.12979478849778303,0.3256745056579246,
5.304897738,-0.6424291034314291,0.19194618236072714,0.5938037646825898,
5.309902621,-0.8663724819638934,0.4063767701073324,0.4520571719023218,
5.314938021,-0.24107161838361468,0.2944617676483663,0.15670188986560746,
5.319942904,-0.29437096658189177,0.3696392383374434,-0.05851299982626405,
5.324947787,0.2280164103282366,0.21910006254495507,-0.30346323189226126,
5.329983187,0.6191196712313394,-0.09478830933903559,-0.37684040973255906,
5.33498807,0.5795730807350715,-0.11221980762747918,-0.49876236684854725,
5.339992953,0.9099353200568072,-0.45752486953948335,-0.1883165341038378,
5.345028353,0.4502138810454458,-0.3641033917253367,-0.12958389134557025,
5.350033236,0.22610128061760665,-0.36215673681777005,-0.0940968005764562,
5.355038119,-0.037466143474664704,-0.2322668933604657,0.04348476657008504,
5.360043002,-0.6735398093109818,0.0938373642178778,0.23973166091231807,
5.365078402,-0.5349988396362855,0.09997223512430153,0.5499518326361045,
5.370083285,-0.8666221185840284,0.32322729981819087,0.5702104895463836,
5.375088168,-0.6051873433047228,0.37541533594830234,0.2588783525746069,
5.380123568,-0.16619333167502826,0.2428737726648933,0.011741353934685526,
5.385128451,-0.2076616965900226,0.3475216743819143,-0.1476625809147516,
5.390133334,0.5636313849154819,-0.0035378362757185755,-0.2617824084818013,
5.395168734,0.4930315727761356,-0.06987128464557557,-0.47375698147294104,
5.400173617,0.7430214496271585,-0.25509136365396046,-0.45753341720960283,
5.4051785,0.7687213589204769,-0.464558930766918,-0.10170788611143228,
5.410183382,0.18785306369888155,-0.2892863047697851,-0.11392246123289584,
5.415218783,0.24221360330285524,-0.3655110750658288,-0.052832304923816686,
5.420223666,-0.38083849235771583,-0.06256266864641269,0.08031716387344667,
5.425228548,-0.6187821220111727,0.12999136898912056,0.35730793031750735,
5.430263949,-0.5754700335464382,0.15571428659754716,0.6248600161290059,
5.435268832,-0.8817627455871506,0.45783558943428737,0.4290261964969547,
5.440273714,-0.2591333410009705,0.3164759910786792,0.06165357438506378,
5.445309115,-0.23794632123827641,0.37193079286294406,-0.09623378111694898,
5.450313998,0.12184997425937888,0.24391914600910525,-0.2666110483310592,
5.45531888,0.6452705067512531,-0.10558489803646687,-0.2937331746023474,
5.460323763,0.5315362296197526,-0.10362075046042385,-0.5242077310881279,
5.465359164,0.905990702445802,-0.4142442566183391,-0.29678317705800233,
5.470364046,0.5160157064878916,-0.386949604513422,-0.10335671742765185,
5.475368929,0.22893805347156326,-0.33636632423573687,-0.07501935831712148,
5.48040433,0.05865093105850061,-0.28250858673233914,0.0893863688150528,
5.485409212,-0.6100494699969495,0.11110250561412904,0.17876007161454227,
5.490414095,-0.48420656818505964,0.10803483652255252,0.4456447760416339,
5.495449496,-0.7685298053292977,0.2817891973430413,0.5423068364583071,
5.500454379,-0.6856856606696883,0.38823653365568234,0.29784693401039575,
5.505459261,-0.15781366525450063,0.26462975426829516,0.08697139486456658,
5.510494662,-0.2871396040786005,0.39366181122713684,-0.15261526692084676,
5.515499545,0.5134401722058697,0.04677759351296018,-0.2868016861929274,
5.520504427,0.4969459854209457,-0.07175761268963043,-0.40182904426684196,
5.525539828,0.7327496594305066,-0.2355310901517047,-0.46511557916347357,
5.530544711,0.8428525595756553,-0.48914508696511305,-0.15756609614327888,
5.535549593,0.2663108562542743,-0.3529981984783408,-0.1298858847271231,
5.540554476,0.26668638031591946,-0.3724254142514223,-0.023464371844198473,
5.545589877,-0.28656544652851446,-0.13130214780738747,0.08657518221214122,
5.550594759,-0.5931683728478117,0.11905496144158967,0.266537977800963,
5.555599642,-0.5109238584344993,0.11248029727827102,0.5982157338032704,
5.560635043,-0.8665149656538496,0.4309144136038672,0.46900227454261634,
5.565639925,-0.3331289647105796,0.29302254650809445,0.1645084602590931,
5.570644808,-0.25500414833096374,0.349335029393977,-0.01204557554272552,
5.575649691,-9.759749147709718E-4,0.3082033750776816,-0.23948265184043044,
5.580685091,0.6006352356931832,-0.05414530775035331,-0.3218229378785944,
5.585689974,0.48434119636704664,-0.064385582137783,-0.5026243659278755,
5.590694857,0.8644016680311373,-0.39818815321022605,-0.2584593560235504,
5.595730257,0.55361850239366,-0.39325755381818084,-0.09375478950634031,
5.60073514,0.23603445035242793,-0.33759188289829467,-0.13054582379257224,
5.605740023,0.10646672043819233,-0.3236989945998854,9.100206534422006E-4,
5.610744906,-0.5717968384931962,0.041748812132592406,0.12904832902275376,
5.615780306,-0.553201630950807,0.08320373720607499,0.3943763585307031,
5.620785189,-0.7643508555418956,0.22936816554610928,0.5721661258870625,
5.625790072,-0.7915221883397665,0.4209945324368878,0.36195653352215007,
5.630825472,-0.17352536785931322,0.27358761813701094,0.12101053931772003,
5.635830355,-0.3054584778812006,0.41616013357210946,-0.11578922479582399,
5.640835238,0.43941007316378955,0.08201257951393792,-0.28033889936790923,
5.645870638,0.5354025702497817,-0.04739042467010002,-0.3698399671505774,
5.650875521,0.6543352397935753,-0.16432835536108037,-0.44719033309546197,
5.655880404,0.8739808871473603,-0.4494192272576143,-0.18919757897636963,
5.660915804,0.29696303003038826,-0.32122971774359144,-0.1341217350560957,
5.665920687,0.33525108808681064,-0.38913709450737244,-0.03259035679487654,
5.67092557,-0.21638164906180152,-0.16190782013714866,0.07352488253284878,
5.675930453,-0.5829930145619413,0.09457042357778178,0.22354158571377908,
5.680965853,-0.5161990991495531,0.10054647558097507,0.5350832685710233,
5.685970736,-0.8783889668196425,0.37924089140227935,0.47212179063806864,
5.690975619,-0.42307250158071397,0.3301993537468242,0.14786344813545493,
5.696011019,-0.17565282548332123,0.30247735409120935,-0.05218043289788607,
5.701015902,-0.07923075648040698,0.3358295395229671,-0.25243770569330887,
5.706020785,0.6184879534094244,-0.043543399631625235,-0.3187836606483971,
5.711056185,0.42966585100878957,-0.013765383767800898,-0.5155127683624677,
5.716061068,0.8225778956507817,-0.31363681873298965,-0.3300493748462242,
5.721065951,0.6025203243331254,-0.35817263858014137,-0.020789988158229356,
5.726070834,0.24258754852900033,-0.3190942632078624,-0.03578482255783344,
5.731106234,0.21322287085445024,-0.3433857621287899,0.05563727867248325,
5.736111117,-0.5055447501914399,-0.035292105796781215,0.1307036705942366,
5.741116,-0.5480881439031519,0.048389850518825384,0.3267431122566393,
5.7461514,-0.7621643627787715,0.18428072807131102,0.5486991773053115,
5.751156283,-0.8491479941292672,0.3734377660507988,0.3623480137192492,
5.756161166,-0.26751419608466387,0.22979269330938834,0.1328227469128994,
5.761196566,-0.3097877240552311,0.3772789788662614,-0.04889316965718049,
5.766201449,0.32677919575581515,0.17733587840550946,-0.2383088716632444,
5.771206332,0.5276587081671521,-0.01519916836934243,-0.34961926529934556,
5.776211214,0.5811113415337218,-0.06770132688297359,-0.4367510763019765,
5.781246615,0.8383754013519775,-0.4391464130688796,-0.16935935713533123,
5.786251498,0.350839481237832,-0.33024779451760367,-0.12975018102076497,
5.79125638,0.35536640920901563,-0.4231826106140826,-0.029093113566611928,
5.796291781,-0.1006922241952875,-0.2197838814600157,0.06291935680296046,
5.801296664,-0.53641315435623,-0.005368120793011855,0.1805723018486184,
5.806301546,-0.528727691453734,0.024440854928091227,0.47773420866639477,
5.811336947,-0.9094811766004872,0.278122019879973,0.5813817028706159,
5.81634183,-0.5417939256553899,0.34891363152897803,0.2812308505777427,
5.821346712,-0.23232430068056187,0.3059497528794317,0.02579034452469416,
5.826382113,-0.1379712569506995,0.388412146053545,-0.2034644040677447,
5.831386996,0.5695790491269405,0.04066135746783672,-0.21831351544169575,
5.836391879,0.45757974320780237,0.026779574255519023,-0.4064135076658566,
5.841427279,0.8008416265974919,-0.25054899684558407,-0.35960346238268537,
5.846432162,0.6943109965904936,-0.38240941232021797,-0.1900021058436483,
5.851437045,0.31410358242864483,-0.24463602594992473,-0.23819553233116864,
5.856441927,0.2934215378179159,-0.3623347973224398,-0.14841775398993495,
5.861477328,-0.36667878537066734,-0.03129850192045147,0.015335621026802027,
5.866482211,-0.509785899390284,0.04965602268238989,0.3417118561964416,
5.871487093,-0.7162027429497272,0.21019600955216156,0.5836600123009033,
5.876522494,-0.9043098506097818,0.4075733115479796,0.45544119343447265,
5.881527377,-0.3327130172065754,0.28391997736338404,0.16132561099757814,
5.886532259,-0.3370444372027604,0.36696752485945794,-0.018424862764437486,
5.891537142,0.21877997758154172,0.21121318004381706,-0.19286489021155,
5.896572543,0.5734248609714834,-0.06854166299619635,-0.28837394341924005,
5.901577425,0.5832394004959367,-0.10462581086570566,-0.46054534614164205,
5.906582308,0.8975485516467494,-0.46294869556756346,-0.23435424566331364,
5.911617709,0.4518034897548996,-0.3301367884852997,-0.13769091606190093,
5.916622591,0.3269579285226697,-0.4096782784444901,-0.11780654144327074,
5.921627474,-0.004669008744364267,-0.2702841266618421,-0.03487023315461657,
5.926632357,-0.5553587421517414,0.005965081483026324,0.11192314941380671,
5.931667757,-0.5074950015338932,0.02774569799892035,0.41514887109354537,
5.93667264,-0.8522728566958646,0.286527613086637,0.5485619679685863,
5.941677523,-0.6224432853566917,0.36712492250055995,0.37755807046861906,
5.946712923,-0.22788626891035335,0.30135374659419867,0.09710260871864526,
5.951717806,-0.23976751122203271,0.40580467696285893,-0.1866489677125838,
5.956722689,0.49771235820987386,0.10246356578903715,-0.20294466245131704,
5.961758089,0.4422250623491491,0.013025540131229363,-0.32132789792980365,
5.966762972,0.7847370811293193,-0.21177195070751687,-0.31452081443759294,
5.971767855,0.7790958172472056,-0.4050010566597635,-0.09647749139382433,
5.976803255,0.29001249364151443,-0.24738951720281044,-0.1384734970213095,
5.981808138,0.28371897928821155,-0.4028554614184987,-0.0322509655857976,
5.986813021,-0.34188467985068083,-0.08285565819729968,0.02783692284386191,
5.991817904,-0.5474091110680447,-0.001172221870339385,0.24444971405633953,
5.996853304,-0.6007324646356857,0.03354708578497778,0.4924347712450716,
6.001858187,-0.8502514990522987,0.27774098894048294,0.41501715293355734,
6.00686307,-0.318189480491839,0.2528446466211367,0.16920854656559586,
6.01189847,-0.3445784398622212,0.44744173292190936,-0.021688826810023307,
6.016903353,0.13805795123522302,0.3522038746187768,-0.17058592472926865,
6.021908236,0.5816255602069285,0.05958292391377107,-0.15753807572091494,
6.026943636,0.6568409755092928,0.003611163349766855,-0.35778094885798195,
